# time,current_number_bots
0,0
0,0
6.453289673663676,1
6.453289673663676,1
23.6944155540801,1
23.6944155540801,1
30.4375858932341,2
30.4375858932341,2
45.35880990417804,2
45.35880990417804,2
52.2422927327442,4
52.2422927327442,4
58.97232155748601,5
58.97232155748601,5
69.53449108170652,5
69.53449108170652,5
76.53973225338605,6
76.53973225338605,6
91.56448114212058,6
91.56448114212058,6
98.46012895282034,8
98.46012895282034,8
105.302911144329,9
105.302911144329,9
112.018623728024,10
112.018623728024,10
118.9186653455125,12
118.9186653455125,12
125.859891018512,13
125.859891018512,13
132.8060334211625,14
132.8060334211625,14
139.7806060590831,15
139.7806060590831,15
162.6896937765449,15
162.6896937765449,15
169.7184611577424,19
169.7184611577424,19
176.741646078001,26
176.741646078001,26
183.7353557466634,28
183.7353557466634,28
190.6772848433011,31
190.6772848433011,31
197.6925429280976,34
197.6925429280976,34
204.7154240995725,39
204.7154240995725,39
213.8572642960816,39
213.8572642960816,39
220.8036172499525,42
220.8036172499525,42
227.752629788943,43
227.752629788943,43
234.7427026231634,48
234.7427026231634,48
243.6992332686165,48
243.6992332686165,48
250.7072238458182,54
250.7072238458182,54
257.7175908432321,56
257.7175908432321,56
264.7459330395362,60
264.7459330395362,60
271.6605643342633,62
271.6605643342633,62
278.6760373411392,64
278.6760373411392,64
285.6909424968088,66
285.6909424968088,66
292.7003370159658,67
292.7003370159658,67
299.7313961160701,71
299.7313961160701,71
306.6943022957599,73
306.6943022957599,73
313.7177094830606,78
313.7177094830606,78
320.6988703736259,83
320.6988703736259,83
327.7272589347941,90
327.7272589347941,90
334.6949697341253,94
334.6949697341253,94
341.7238124665343,95
341.7238124665343,95
348.7319952310365,96
348.7319952310365,96
355.7507802017648,101
355.7507802017648,101
362.7731855291315,105
362.7731855291315,105
369.7857266759859,106
369.7857266759859,106
377.090500314854,106
377.090500314854,106
384.1040936696633,109
384.1040936696633,109
391.1165380941853,113
391.1165380941853,113
398.101558343373,116
398.101558343373,116
405.1254750956272,119
405.1254750956272,119
412.1548646845029,120
412.1548646845029,120
419.1724898398922,121
419.1724898398922,121
426.1842753773187,125
426.1842753773187,125
433.1580824663848,127
433.1580824663848,127
440.1780005661141,133
440.1780005661141,133
447.195319895084,138
447.195319895084,138
454.2202559624312,144
454.2202559624312,144
461.2024261743073,149
461.2024261743073,149
468.2165781119932,153
468.2165781119932,153
475.2338342543296,158
475.2338342543296,158
482.252311792897,161
482.252311792897,161
489.2721938512658,165
489.2721938512658,165
496.2851806551686,170
496.2851806551686,170
503.3017996418471,174
503.3017996418471,174
512.8265916195639,174
512.8265916195639,174
519.8575366839239,181
519.8575366839239,181
526.8875309032547,185
526.8875309032547,185
533.9126466166412,189
533.9126466166412,189
540.9389338784184,193
540.9389338784184,193
547.9532295033583,197
547.9532295033583,197
554.9750736367255,202
554.9750736367255,202
561.9993854143056,206
561.9993854143056,206
568.9882416320343,211
568.9882416320343,211
576.0106784514593,215
576.0106784514593,215
583.0364181781254,219
583.0364181781254,219
590.0569254180676,222
590.0569254180676,222
597.0717484076596,226
597.0717484076596,226
604.0918796957912,227
604.0918796957912,227
611.1042754476009,232
611.1042754476009,232
618.1133911411462,239
618.1133911411462,239
625.1091758211583,242
625.1091758211583,242
632.1296707221419,249
632.1296707221419,249
639.1430965588826,254
639.1430965588826,254
646.1628889517948,260
646.1628889517948,260
653.18989336384,266
653.18989336384,266
660.2026296734031,269
660.2026296734031,269
667.200963136964,271
667.200963136964,271
674.2307801316837,272
674.2307801316837,272
681.2585464075875,276
681.2585464075875,276
688.2883222347087,281
688.2883222347087,281
695.3164535023005,289
695.3164535023005,289
704.3871126602156,289
704.3871126602156,289
711.4031125987823,298
711.4031125987823,298
718.413272802557,300
718.413272802557,300
725.4422713511201,304
725.4422713511201,304
732.4623920701815,307
732.4623920701815,307
739.4878824662919,308
739.4878824662919,308
746.5077208826763,318
746.5077208826763,318
753.5312628300396,321
753.5312628300396,321
760.56195895447,322
760.56195895447,322
767.5891839125228,324
767.5891839125228,324
774.6106937626969,328
774.6106937626969,328
781.6334786657995,331
781.6334786657995,331
788.663685826401,333
788.663685826401,333
795.6799383444335,337
795.6799383444335,337
802,345
802.6939098177072,344
809.7127192039854,350
809.7127192039854,350
816.7224989657088,352
816.7224989657088,352
823.73266215021,355
823.73266215021,355
830.761069523744,359
830.761069523744,359
837.7808040450477,362
837.7808040450477,362
844.8048108682972,364
844.8048108682972,364
852.0217579356569,364
852.0217579356569,364
859.0380334772883,372
859.0380334772883,372
867.4504705872184,372
867.4504705872184,372
874.4615172637443,376
874.4615172637443,376
881.4915426934231,379
881.4915426934231,379
888.5188706825287,380
888.5188706825287,380
895.5419180373534,385
895.5419180373534,385
902.5691685217619,387
902.5691685217619,387
909.577319767938,389
909.577319767938,389
916.5973343596252,391
916.5973343596252,391
923.6045316962178,392
923.6045316962178,392
930.6290982500462,391
930.6290982500462,391
937.6566898489334,392
937.6566898489334,392
944.6720271407875,394
944.6720271407875,394
951.6934618365613,395
951.6934618365613,395
958.7238215695658,400
958.7238215695658,400
965.7281011896051,403
965.7281011896051,403
983,403
983.7259394995131,402
984.1137153065821,403
991.1412907866232,404
991.1412907866232,404
998.1691650680476,409
998.1691650680476,409
1005.290191171099,409
1005.290191171099,409
1012.321052355251,410
1012.321052355251,410
1019.350956736796,412
1019.350956736796,412
1026.379432312805,414
1026.379432312805,414
1033.410411711869,413
1033.410411711869,413
1040.437585825845,415
1040.437585825845,415
1047.468406314997,416
1047.468406314997,416
1054.498485132849,417
1054.498485132849,417
1061.529139050632,421
1061.529139050632,421
1068.545642518309,420
1068.545642518309,420
1075.573436125171,424
1075.573436125171,424
1082.604107374342,426
1082.604107374342,426
1089.634616100646,429
1089.634616100646,429
1096.664850070011,433
1096.664850070011,433
1103.692138174296,435
1103.692138174296,435
1110.723121333076,436
1110.723121333076,436
1117.752881398918,437
1117.752881398918,437
1124.779118770658,438
1124.779118770658,438
1131.803328147975,437
1131.803328147975,437
1138.810911442061,438
1138.810911442061,438
1152.685373462099,438
1152.685373462099,438
1159.70372194925,440
1159.70372194925,440
1166.724328425895,442
1166.724328425895,442
1173.752319127545,443
1173.752319127545,443
1180.751824040952,444
1180.751824040952,444
1187.773670422203,445
1187.773670422203,445
1197.122928630163,445
1197.122928630163,445
1204,449
1204.14049991937,448
1214,448
1221.030740180167,447
1221.030740180167,447
1228.048297397616,448
1228.048297397616,448
1235.079096718181,450
1235.079096718181,450
1242.107057028491,451
1242.107057028491,451
1249.129254716921,450
1249.129254716921,450
1256.134948404816,451
1256.134948404816,451
1270.536167804135,451
1270.536167804135,451
1277.566733489963,452
1277.566733489963,452
1284.594960696734,456
1284.594960696734,456
1295.374385218706,456
1295.374385218706,456
1302.405030994334,459
1302.405030994334,459
1309.417561549915,460
1309.417561549915,460
1316.441332159687,459
1316.441332159687,459
1328.887075212966,459
1328.887075212966,459
1335.917126214346,461
1335.917126214346,461
1349.931156773612,461
1349.931156773612,461
1356.961533554403,463
1356.961533554403,463
1371.751575355753,463
1371.751575355753,463
1378.779257802905,465
1378.779257802905,465
1385.807344939355,466
1385.807344939355,466
1401.198190657018,466
1401.198190657018,466
1408.222200726798,467
1408.222200726798,467
1415.25210200772,468
1415.25210200772,468
1422.27914351907,469
1422.27914351907,469
1429.306448054249,470
1429.306448054249,470
1436.320981845346,472
1436.320981845346,472
1445.387746561921,472
1445.387746561921,472
1452.469425833799,472
1452.469425833799,472
1459.499156890507,473
1459.499156890507,473
1466.518069293638,474
1466.518069293638,474
1473.549106573448,475
1473.549106573448,475
1482.332276065089,475
1482.332276065089,475
1489.359978644156,476
1489.359978644156,476
1496.3784435347,478
1496.3784435347,478
1503.406251737756,477
1503.406251737756,477
1510.430341583756,478
1510.430341583756,478
1519.406185112874,478
1519.406185112874,478
1526.436939364351,479
1526.436939364351,479
1533.460797601348,481
1533.460797601348,481
1540.467262050809,480
1540.467262050809,480
1547.49832037182,481
1547.49832037182,481
1554.52626324103,480
1554.52626324103,480
1567,480
1574.021720060497,479
1574.021720060497,479
1581.04365031319,480
1581.04365031319,480
1632.99999999918,480
1633,480
1645.999999999914,480
1646,480
1653.029975932752,479
1653.029975932752,479
1660.04930721147,480
1660.04930721147,480
1673.304869462146,480
1673.304869462146,480
1680.335200209189,481
1680.335200209189,481
1687.364384680021,482
1687.364384680021,482
1704,482
1713.999999999634,482
1714,482
1729,482
1736.027913200787,481
1736.027913200787,481
1743.853096632628,481
1743.853096632628,481
1750.870060872331,482
1750.870060872331,482
1774.272951483854,482
1774.272951483854,482
1781.303405862455,484
1781.303405862455,484
1788.327991615623,483
1788.327991615623,483
1802.947487287736,483
1802.947487287736,483
1809.969212904548,484
1809.969212904548,484
1817,485
1817,484
1834,484
1841.028637977632,483
1841.028637977632,483
1849.277831936286,483
1849.277831936286,483
1856.307423624329,484
1856.307423624329,484
1868.409654707761,484
1868.409654707761,484
1901,484
1908.029825532501,485
1908.029825532501,485
1943.999999999962,485
1944,485
1951.020495752747,484
1951.020495752747,484
1966.999999999916,484
1967,484
2014.99999999963,484
2015,484
2040.017290511941,484
2040.017290511941,484
2052.999999999937,484
2053,484
2060.024842402874,483
2060.024842402874,483
2067.055172156684,482
2067.055172156684,482
2093.570059012931,482
2093.570059012931,482
2100.58213903876,483
2100.58213903876,483
2107.610675013663,482
2107.610675013663,482
2129.52061722101,482
2129.52061722101,482
2136.542096481014,483
2136.542096481014,483
2154.381388491795,483
2154.381388491795,483
2161.404366631458,484
2161.404366631458,484
2168.429298011906,486
2168.429298011906,486
2175.457932125591,484
2175.457932125591,484
2182.48698247181,483
2182.48698247181,483
2189.517075398407,484
2189.517075398407,484
2196.544109928017,485
2196.544109928017,485
2203.571835668998,483
2203.571835668998,483
2212.413019107671,483
2212.413019107671,483
2219.443286948096,484
2219.443286948096,484
2226.468252535421,483
2226.468252535421,483
2249,483
2257.426089417762,483
2257.426089417762,483
2264.45343941586,484
2264.45343941586,484
2284.686590942053,484
2284.686590942053,484
2301.999999999699,484
2302,484
2309.030021077313,482
2309.030021077313,482
2317,482
2324.030856090493,481
2324.030856090493,481
2331.061726835121,480
2331.061726835121,480
2340.75489619377,480
2340.75489619377,480
2347.781540258279,481
2347.781540258279,481
2354.810613998367,482
2354.810613998367,482
2361.840374470966,481
2361.840374470966,481
2368.869250692929,482
2368.869250692929,482
2403.682686040229,482
2403.682686040229,482
2410.710612276649,483
2410.710612276649,483
2417.739736387087,482
2417.739736387087,482
2440.133889338294,482
2440.133889338294,482
2447.157832163249,483
2447.157832163249,483
2462,483
2469.029823621366,482
2469.029823621366,482
2476.059616021766,483
2476.059616021766,483
2491,483
2498.026942093437,482
2498.026942093437,482
2520.897813126593,482
2520.897813126593,482
2527.928691012963,483
2527.928691012963,483
2534.954219686998,484
2534.954219686998,484
2544.620661862969,484
2544.620661862969,484
2555.272230679194,484
2555.272230679194,484
2562.303331191079,485
2562.303331191079,485
2577.091379814708,485
2577.091379814708,485
2584.119403675246,486
2584.119403675246,486
2591.149411704415,484
2591.149411704415,484
2598.179344773893,485
2598.179344773893,485
2605.20970318203,488
2605.20970318203,488
2639.407987029158,488
2639.407987029158,488
2646.435529324992,490
2646.435529324992,490
2653.454421149673,491
2653.454421149673,491
2661.517871046771,491
2661.517871046771,491
2668.548735203148,492
2668.548735203148,492
2690,492
2697.025774130991,491
2697.025774130991,491
2704.054896001976,492
2704.054896001976,492
2711.085490225099,493
2711.085490225099,493
2726.999999999873,493
2727,493
2734.024114455699,492
2734.024114455699,492
2743.527926977335,492
2743.527926977335,492
2750.554702679376,493
2750.554702679376,493
2757.715018792377,493
2757.715018792377,493
2764.738055544397,494
2764.738055544397,494
2772.572014513758,494
2772.572014513758,494
2779.603139099211,495
2779.603139099211,495
2786.629561019908,494
2786.629561019908,494
2793.660740326502,493
2793.660740326502,493
2829,493
2838.999999999415,493
2839,493
2846.029264946877,492
2846.029264946877,492
2853.059168541752,491
2853.059168541752,491
2863,491
2870.024148750381,490
2870.024148750381,490
2895,490
2902.029997549641,489
2902.029997549641,489
2936.999999999959,489
2937,489
2955.005947833143,489
2955.005947833143,489
2962.02681885016,490
2962.02681885016,490
2969.052308609735,489
2969.052308609735,489
2999,489
3006.029350618376,488
3006.029350618376,488
3043.999999999212,488
3044,488
3051.027666460001,487
3051.027666460001,487
3068.955435324019,487
3068.955435324019,487
3080.793806111555,487
3080.793806111555,487
3087.824984972119,488
3087.824984972119,488
3102.999999999971,488
3103,488
3110.028914256677,487
3110.028914256677,487
3131,487
3138.022978064136,485
3138.022978064136,485
3152.999999999998,485
3153,485
3160.026725052935,484
3160.026725052935,484
3167.053515286414,483
3167.053515286414,483
3174.084073994067,484
3174.084073994067,484
3181.114286021941,483
3181.114286021941,483
3195.01800046149,483
3195.01800046149,483
3202.041259579437,484
3202.041259579437,484
3209.072050125011,485
3209.072050125011,485
3216.101912006008,484
3216.101912006008,484
3228.094230067055,484
3228.094230067055,484
3235.119376249468,485
3235.119376249468,485
3242.781214334869,485
3242.781214334869,485
3249.810363247075,486
3249.810363247075,486
3262.186358282912,486
3262.186358282912,486
3284.999999999186,486
3285,486
3292.0305804444,485
3292.0305804444,485
3299.061351860485,486
3299.061351860485,486
3307.999999999341,486
3308,486
3315.030450706131,484
3315.030450706131,484
3333,484
3343.390073253625,484
3343.390073253625,484
3355.94577389028,484
3355.94577389028,484
3390.481238941834,484
3390.481238941834,484
3397.511232809786,486
3397.511232809786,486
3404.541498554639,487
3404.541498554639,487
3420.943382792864,487
3420.943382792864,487
3427.970687073753,488
3427.970687073753,488
3500.397809766217,488
3500.397809766217,488
3507.428124938791,487
3507.428124938791,487
3514.458853733303,488
3514.458853733303,488
3521.489053850094,487
3521.489053850094,487
3533.999999999749,487
3534,487
3541.904940768743,487
3541.904940768743,487
3548.9361481609,488
3548.9361481609,488
3561.832165093939,488
3561.832165093939,488
3592.446178305977,488
3592.446178305977,488
3599.469076150089,489
3599.469076150089,489
3610.933098449001,489
3610.933098449001,489
3617.964162448049,490
3617.964162448049,490
3629.999999999978,490
3630,490
3637.031129513905,488
3637.031129513905,488
3655,488
3662.030880160825,486
3662.030880160825,486
3669,487
3669.06192029915,486
3684.496734014654,486
3684.496734014654,486
3703.777613174606,486
3703.777613174606,486
3711,486
3718.030759356434,483
3718.030759356434,483
3767.517115376858,483
3767.517115376858,483
3774.546089398521,484
3774.546089398521,484
3781.575641060486,485
3781.575641060486,485
3834.279158219677,485
3834.279158219677,485
3841.310007311636,486
3841.310007311636,486
3848.333640324412,487
3848.333640324412,487
3855.360416876006,486
3855.360416876006,486
3878.836288328409,486
3878.836288328409,486
3885.865610958947,487
3885.865610958947,487
3892.896589883071,489
3892.896589883071,489
3906.577970495166,489
3906.577970495166,489
3913.607628912905,493
3913.607628912905,493
3943,493
3950.026108085429,492
3950.026108085429,492
3969.349465438505,492
3969.349465438505,492
3976.380597046889,491
3976.380597046889,491
3983.404530430133,492
3983.404530430133,492
4000.937023354552,492
4000.937023354552,492
4007.967971157707,493
4007.967971157707,493
4025,493
4032.030162647769,491
4032.030162647769,491
4039.058496519763,490
4039.058496519763,490
4050,490
4057.028709313467,491
4057.028709313467,491
4119,491
4126.029537171923,490
4126.029537171923,490
4199.999999999792,490
4200,490
4226,490
4250,490
4257.030626320589,489
4257.030626320589,489
4283.999999999729,489
4284,489
4291.029838928373,488
4291.029838928373,488
4299.999999999972,488
4300,488
4307.029793912599,487
4307.029793912599,487
4331.976519480168,487
4331.976519480168,487
4339.00745627962,489
4339.00745627962,489
4354,489
4361.028567201142,488
4361.028567201142,488
4378.175834624375,488
4378.175834624375,488
4385.206029296272,489
4385.206029296272,489
4413.107239417693,489
4413.107239417693,489
4420.134235876549,490
4420.134235876549,490
4431,490
4438.030723635894,489
4438.030723635894,489
4458.688225710769,489
4458.688225710769,489
4465.71907613647,490
4465.71907613647,490
4473,490
4480.027228050065,489
4480.027228050065,489
4504.357857425557,489
4504.357857425557,489
4511.388464405657,490
4511.388464405657,490
4530.497965384117,490
4530.497965384117,490
4537.52642755295,491
4537.52642755295,491
4544.55225901516,493
4544.55225901516,493
4551.583192304797,494
4551.583192304797,494
4561.513525764666,494
4561.513525764666,494
4568.538091285172,496
4568.538091285172,496
4584.03299590303,496
4584.03299590303,496
4591.057197625611,497
4591.057197625611,497
4602.229760493583,497
4602.229760493583,497
4646,497
4653.031079857578,496
4653.031079857578,496
4660.058263555406,493
4660.058263555406,493
4667.086029724112,492
4667.086029724112,492
4674.111058576799,491
4674.111058576799,491
4681.138300063015,492
4681.138300063015,492
4688.168300439877,491
4688.168300439877,491
4743.081059546263,491
4743.081059546263,491
4750.111350948092,492
4750.111350948092,492
4763,492
4770.029337740935,491
4770.029337740935,491
4779.999999999795,491
4780,491
4787.031129891909,490
4787.031129891909,490
4829,490
4836.031153866791,489
4836.031153866791,489
4860.817379883776,489
4860.817379883776,489
4867.846176551058,490
4867.846176551058,490
4874.877069310902,489
4874.877069310902,489
4920,489
4927.030755134178,488
4927.030755134178,488
4935.999999999716,488
4936,488
4943.030266306836,487
4943.030266306836,487
4950.061085902185,488
4950.061085902185,488
4957.900074908011,488
4957.900074908011,488
4964.92677432652,491
4964.92677432652,491
4971.955835440181,492
4971.955835440181,492
4988.320391450447,492
4988.320391450447,492
4995.348489351808,493
4995.348489351808,493
5003.693935489629,493
5003.693935489629,493
5010.724872879409,494
5010.724872879409,494
5022,494
5029.030719051206,492
5029.030719051206,492
5040.522308414681,492
5040.522308414681,492
5047.552667765552,494
5047.552667765552,494
5077.999999999983,494
5078,494
5108,494
5115.030878641932,493
5115.030878641932,493
5159,493
5166.028353910631,492
5166.028353910631,492
5217.377353880171,492
5217.377353880171,492
5224.407037896117,493
5224.407037896117,493
5234.887838426029,493
5234.887838426029,493
5241.918710441681,494
5241.918710441681,494
5250,494
5257.030805516449,492
5257.030805516449,492
5266.230914323061,492
5266.230914323061,492
5273.260721815945,493
5273.260721815945,493
5309.506358293916,493
5309.506358293916,493
5337,493
5344.030997359816,494
5344.030997359816,494
5378.564559706724,494
5378.564559706724,494
5385.595351861783,495
5385.595351861783,495
5394,495
5401.030215422826,493
5401.030215422826,493
5424.966860115486,493
5424.966860115486,493
5433.99999999995,493
5434,493
5441.03108150116,492
5441.03108150116,492
5453,492
5460.028200289434,491
5460.028200289434,491
5467.056071974441,490
5467.056071974441,490
5493.620785876342,490
5493.620785876342,490
5500.651096022717,491
5500.651096022717,491
5525.999999999256,491
5526,491
5533.027319287746,490
5533.027319287746,490
5572.939923082648,490
5572.939923082648,490
5595.557821915371,490
5595.557821915371,490
5602.585980360845,491
5602.585980360845,491
5609.614863406546,492
5609.614863406546,492
5629.999999999892,492
5630,492
5642,492
5649.028403543298,491
5649.028403543298,491
5656.058157110397,492
5656.058157110397,492
5673,492
5680.031219675852,491
5680.031219675852,491
5690.530591728829,491
5690.530591728829,491
5697.55776300112,492
5697.55776300112,492
5704.584240635893,493
5704.584240635893,493
5712.999999999999,493
5713,493
5720.029995627272,492
5720.029995627272,492
5743.517183375814,492
5743.517183375814,492
5750.547944489024,493
5750.547944489024,493
5765,493
5772.027727806972,491
5772.027727806972,491
5798.943839011142,491
5798.943839011142,491
5805.974983618049,492
5805.974983618049,492
5813.004545843708,491
5813.004545843708,491
5838.827947838695,491
5838.827947838695,491
5845.857681272574,492
5845.857681272574,492
5852.887909373477,491
5852.887909373477,491
5859.915736937935,490
5859.915736937935,490
5886.823208597614,490
5886.823208597614,490
5896.999999999718,490
5897,490
5904.030543060264,489
5904.030543060264,489
5911.999999999884,489
5912,489
5919.030154106867,488
5919.030154106867,488
5926.061196388651,487
5926.061196388651,487
5940.046263720883,487
5940.046263720883,487
5947.07264746187,486
5947.07264746187,486
5954.101664134409,485
5954.101664134409,485
5961.132089553315,483
5961.132089553315,483
5974.805146010955,483
5974.805146010955,483
5981.832901868329,484
5981.832901868329,484
5998.186825507615,484
5998.186825507615,484
6005.217687457749,485
6005.217687457749,485
6026,485
6033.030038257941,484
6033.030038257941,484
6046.999999999859,484
6047,484
6054.030769012128,483
6054.030769012128,483
6061.061531183169,484
6061.061531183169,484
6068.092182574978,482
6068.092182574978,482
6075.122933032778,483
6075.122933032778,483
6083.54448721825,483
6083.54448721825,483
6090.571412930177,484
6090.571412930177,484
6133.191325343153,484
6133.191325343153,484
6140.22201570138,485
6140.22201570138,485
6162.025060308831,485
6162.025060308831,485
6169.055369455645,486
6169.055369455645,486
6176.161319073048,486
6176.161319073048,486
6183.191730844181,488
6183.191730844181,488
6196,488
6207.258788392872,488
6207.258788392872,488
6214.287378465368,489
6214.287378465368,489
6230.999999999424,489
6231,489
6239.396488763688,489
6239.396488763688,489
6246.427720396824,490
6246.427720396824,490
6253.458867486742,492
6253.458867486742,492
6269.805495216528,492
6269.805495216528,492
6276.834111956757,493
6276.834111956757,493
6292.274899100929,493
6292.274899100929,493
6299.304140109436,494
6299.304140109436,494
6313.85497636696,494
6313.85497636696,494
6320.883845333199,495
6320.883845333199,495
6333.691363248178,495
6333.691363248178,495
6340.721381601948,496
6340.721381601948,496
6347.751775835515,495
6347.751775835515,495
6392.999999999013,495
6393,495
6400.028558431022,494
6400.028558431022,494
6445,494
6452.030977545124,492
6452.030977545124,492
6459.06177336765,493
6459.06177336765,493
6478.99999999974,493
6479,493
6486.028402792343,492
6486.028402792343,492
6509.069035964779,492
6509.069035964779,492
6516.099732606667,493
6516.099732606667,493
6532,493
6539.03076068919,492
6539.03076068919,492
6562,492
6569.03106818766,491
6569.03106818766,491
6600,491
6607.030962637978,490
6607.030962637978,490
6614.059331553151,491
6614.059331553151,491
6628.999999999153,491
6629,491
6636.028355393774,490
6636.028355393774,490
6643.058438413462,489
6643.058438413462,489
6650.999999999495,489
6651,489
6658.028632252051,488
6658.028632252051,488
6668.719213739962,488
6668.719213739962,488
6675.748452867921,489
6675.748452867921,489
6683,489
6690.029209294458,488
6690.029209294458,488
6697.060206538719,487
6697.060206538719,487
6716,487
6724,487
6731.030874081604,486
6731.030874081604,486
6768.404740679854,486
6768.404740679854,486
6775.433420265771,487
6775.433420265771,487
6782.462214936306,488
6782.462214936306,488
6789.491131798991,487
6789.491131798991,487
6821.256533424912,487
6821.256533424912,487
6870,487
6877.030837717781,488
6877.030837717781,488
6884.06057416228,489
6884.06057416228,489
6891.091291693272,488
6891.091291693272,488
6921.194132712049,488
6921.194132712049,488
6930.614192352275,488
6930.614192352275,488
6937.645014259922,490
6937.645014259922,490
6944.674259314344,488
6944.674259314344,488
6965.448883141976,488
6965.448883141976,488
6972.478048879831,490
6972.478048879831,490
6982.24066112011,490
6982.24066112011,490
6989.269874584725,491
6989.269874584725,491
7005,491
7019.999999999732,491
7020,491
7027.027058573048,489
7027.027058573048,489
7061,489
7068.030484323693,488
7068.030484323693,488
7116.257467976088,488
7116.257467976088,488
7123.287480509887,489
7123.287480509887,489
7148.906850407345,489
7148.906850407345,489
7155.93638179644,490
7155.93638179644,490
7166.999999999957,490
7167,490
7174.026658007566,489
7174.026658007566,489
7181.888566595045,489
7181.888566595045,489
7188.918930477188,491
7188.918930477188,491
7195.949716499402,492
7195.949716499402,492
7202.980467085786,493
7202.980467085786,493
7210.01113946658,494
7210.01113946658,494
7221.232430242469,494
7221.232430242469,494
7228.263338224239,495
7228.263338224239,495
7258,495
7265.030710578872,494
7265.030710578872,494
7286.140491447209,494
7286.140491447209,494
7293.168799148901,495
7293.168799148901,495
7300.198735059495,492
7300.198735059495,492
7365.999999999939,492
7366,492
7373.02775414058,491
7373.02775414058,491
7407.999999999141,491
7408,491
7415.029203855415,490
7415.029203855415,490
7422.059685166917,491
7422.059685166917,491
7505.976800297805,491
7505.976800297805,491
7513.007030765752,492
7513.007030765752,492
7520.038232845,493
7520.038232845,493
7537.554841114636,493
7537.554841114636,493
7544.585604673388,495
7544.585604673388,495
7569,495
7576.030474011557,496
7576.030474011557,496
7584,496
7591.031171869526,494
7591.031171869526,494
7598.05963117899,493
7598.05963117899,493
7607,493
7614.030592014564,492
7614.030592014564,492
7621.060983068014,493
7621.060983068014,493
7645,493
7652.028655679686,492
7652.028655679686,492
7681.999999999527,492
7682,492
7689.031219166415,491
7689.031219166415,491
7696.061180064238,492
7696.061180064238,492
7740,492
7747.030227448068,491
7747.030227448068,491
7774,491
7781.02812938698,490
7781.02812938698,490
7831.027169028291,490
7831.027169028291,490
7838.058411519385,491
7838.058411519385,491
7845.088191560864,490
7845.088191560864,490
7852.119037722128,492
7852.119037722128,492
7865,492
7872.030274834788,491
7872.030274834788,491
7879.060953658271,490
7879.060953658271,490
7887.999999999613,490
7888,490
7895.031066231556,489
7895.031066231556,489
7908.573627619341,489
7908.573627619341,489
7915.602108293644,490
7915.602108293644,490
7923.399378002907,490
7923.399378002907,490
7937,490
7959,490
7966.028781784569,489
7966.028781784569,489
7983.157074364646,489
7983.157074364646,489
7990.18794735937,490
7990.18794735937,490
7997.213271952419,489
7997.213271952419,489
8029.926035498642,489
8029.926035498642,489
8036.954670993367,490
8036.954670993367,490
8077.418754256735,490
8077.418754256735,490
8084.44865249344,491
8084.44865249344,491
8100.635745697992,491
8100.635745697992,491
8107.664857470367,492
8107.664857470367,492
8122.993078206962,492
8122.993078206962,492
8130.023695329338,493
8130.023695329338,493
8158.134450490902,493
8158.134450490902,493
8165.163838634082,494
8165.163838634082,494
8174.046154888691,494
8174.046154888691,494
8181.075992484054,495
8181.075992484054,495
8188.10642083943,494
8188.10642083943,494
8203.157864929757,494
8203.157864929757,494
8210.185338912079,496
8210.185338912079,496
8229.238155201112,496
8229.238155201112,496
8236.269371200966,497
8236.269371200966,497
8246.999999999969,497
8247,497
8254.03109219141,496
8254.03109219141,496
8261.061423586692,497
8261.061423586692,497
8268.092132655107,496
8268.092132655107,496
8275.121823071837,495
8275.121823071837,495
8285,495
8292.030497887947,494
8292.030497887947,494
8307.450380201361,494
8307.450380201361,494
8314.479332151344,493
8314.479332151344,493
8326.999999999854,493
8327,493
8334.03105067441,492
8334.03105067441,492
8354.99999999984,492
8355,492
8362.031048406985,491
8362.031048406985,491
8373.999999999784,491
8374,491
8381.030114577457,490
8381.030114577457,490
8410.999999999751,490
8411,490
8418.030450940472,489
8418.030450940472,489
8433.999999999975,489
8434,489
8441.030774812243,488
8441.030774812243,488
8448.061309001756,486
8448.061309001756,486
8455.092075418215,484
8455.092075418215,484
8462.12098837295,482
8462.12098837295,482
8469.151658698607,480
8469.151658698607,480
8481.523308409662,480
8481.523308409662,480
8488.553390760371,481
8488.553390760371,481
8521.005473570125,481
8521.005473570125,481
8528.036120343513,482
8528.036120343513,482
8535.999999999634,482
8536,482
8543.03087235887,481
8543.03087235887,481
8565.633652843217,481
8565.633652843217,481
8572.664215271376,483
8572.664215271376,483
8579.695211438355,482
8579.695211438355,482
8603.82279042805,482
8603.82279042805,482
8610.854016109603,484
8610.854016109603,484
8634,484
8641.02671932526,483
8641.02671932526,483
8648.056223355006,484
8648.056223355006,484
8659.230518375514,484
8659.230518375514,484
8666.260266610952,485
8666.260266610952,485
8679.115432343344,485
8679.115432343344,485
8686.143844945242,486
8686.143844945242,486
8693.172616219117,485
8693.172616219117,485
8700.201256617469,486
8700.201256617469,486
8707.228971712802,488
8707.228971712802,488
8715.059421939091,488
8715.059421939091,488
8722.090504719072,489
8722.090504719072,489
8729.121571412159,490
8729.121571412159,490
8736.151935360504,491
8736.151935360504,491
8752.722000549793,491
8752.722000549793,491
8763.99999999932,491
8764,491
8771.030441164465,490
8771.030441164465,490
8778.061548927008,489
8778.061548927008,489
8785.092175295165,488
8785.092175295165,488
8819.999999999256,488
8820,488
8827.030241002345,486
8827.030241002345,486
8834.06126979263,485
8834.06126979263,485
8841.09238853601,487
8841.09238853601,487
8848.123299872092,488
8848.123299872092,488
8855.153700865943,489
8855.153700865943,489
8874.999999999211,489
8875,489
8882.031010162522,488
8882.031010162522,488
8907,488
8914.03081231794,487
8914.03081231794,487
8922,487
8929.030988596285,486
8929.030988596285,486
8936.061566707125,487
8936.061566707125,487
8944.735296071203,487
8944.735296071203,487
8951.764725385849,488
8951.764725385849,488
8958.999999999754,488
8959,488
8971.589637231285,488
8971.589637231285,488
8978.618815025555,489
8978.618815025555,489
9000.659869415791,489
9000.659869415791,489
9027.178719272675,489
9027.178719272675,489
9034.209493853417,490
9034.209493853417,490
9041.239799273788,489
9041.239799273788,489
9048.270224129736,490
9048.270224129736,490
9055.29894115682,491
9055.29894115682,491
9071.999999999305,491
9072,491
9079.030489759727,490
9079.030489759727,490
9086.059222353755,491
9086.059222353755,491
9093.085882813308,490
9093.085882813308,490
9107.516753751159,490
9107.516753751159,490
9114.546263191263,491
9114.546263191263,491
9121.576497613019,490
9121.576497613019,490
9129.36813707052,490
9129.36813707052,490
9136.397495877349,491
9136.397495877349,491
9147.904287108062,491
9147.904287108062,491
9154.934516168829,492
9154.934516168829,492
9179.718157069838,492
9179.718157069838,492
9186.749405154069,493
9186.749405154069,493
9209.65261284796,493
9209.65261284796,493
9240,493
9247.030121966513,492
9247.030121966513,492
9254.059317099831,493
9254.059317099831,493
9299.809728057868,493
9299.809728057868,493
9315.999999999951,493
9316,493
9323.02977799787,492
9323.02977799787,492
9340.999999999731,492
9341,492
9348.028219246651,491
9348.028219246651,491
9355.059464647971,492
9355.059464647971,492
9362.090403765875,491
9362.090403765875,491
9369.12025959602,492
9369.12025959602,492
9376.151345242668,491
9376.151345242668,491
9396.999999999893,491
9397,491
9404.030678691684,490
9404.030678691684,490
9422.709557111339,490
9422.709557111339,490
9429.738684391155,491
9429.738684391155,491
9485.999999999145,491
9486,491
9493.031121249989,489
9493.031121249989,489
9530.999999999838,489
9531,489
9538.031040528149,488
9538.031040528149,488
9545.061919410726,489
9545.061919410726,489
9552.09141147654,488
9552.09141147654,488
9560,488
9567.030634350051,489
9567.030634350051,489
9574.413500803892,489
9574.413500803892,489
9581.442895073384,490
9581.442895073384,490
9588.474074462603,488
9588.474074462603,488
9596.948558760336,488
9596.948558760336,488
9603.978029466341,490
9603.978029466341,490
9611.008950107567,489
9611.008950107567,489
9618.039673663599,490
9618.039673663599,490
9644,490
9668.959717081678,490
9668.959717081678,490
9675.990401012758,491
9675.990401012758,491
9694.999999999147,491
9695,491
9702.030149257062,490
9702.030149257062,490
9713.999999999965,490
9714,490
9721.030510777027,488
9721.030510777027,488
9728.020050740402,487
9728.061399462411,488
9735.091744429217,489
9735.091744429217,489
9742.120835865971,488
9742.120835865971,488
9756.99999999924,488
9757,488
9764.030988850334,487
9764.030988850334,487
9771.061938999645,486
9771.061938999645,486
9781.852792292142,486
9781.852792292142,486
9788.880152796653,487
9788.880152796653,487
9804.999999999558,487
9805,487
9812.030143939946,486
9812.030143939946,486
9820,486
9827.031132395054,485
9827.031132395054,485
9834.061045256081,484
9834.061045256081,484
9841.091924065229,483
9841.091924065229,483
9848.121760212813,484
9848.121760212813,484
9858.775185240345,484
9858.775185240345,484
9865.806236318558,485
9865.806236318558,485
9872.83710895623,486
9872.83710895623,486
9879.866843817792,485
9879.866843817792,485
9892.509701606697,485
9892.509701606697,485
9899.538874658308,486
9899.538874658308,486
9971.534316698997,486
9971.534316698997,486
9978.564965165711,485
9978.564965165711,485
9996.999999999794,485
9997,485
10004.0304081612,484
10004.0304081612,484
10011.06036656934,485
10011.06036656934,485
10018.0900535777,486
10018.0900535777,486
10025.99999999972,486
10026,486
10033.02906627638,487
10033.02906627638,487
10051.44634867431,487
10051.44634867431,487
10058.47610392338,488
10058.47610392338,488
10065.50624687872,489
10065.50624687872,489
10072.53669305505,490
10072.53669305505,490
10084.33371143021,490
10084.33371143021,490
10091.36360889623,492
10091.36360889623,492
10101.32279986052,492
10101.32279986052,492
10108.35295124501,493
10108.35295124501,493
10115.3830062404,492
10115.3830062404,492
10137.049929775,492
10137.049929775,492
10144.08064935974,493
10144.08064935974,493
10152,493
10159.03093199014,492
10159.03093199014,492
10166.06204908351,491
10166.06204908351,491
10173.09157764342,492
10173.09157764342,492
10189.52581673821,492
10189.52581673821,492
10196.5558340426,493
10196.5558340426,493
10221.99999999998,493
10222,493
10233.99999999924,493
10234,493
10241.03119989305,491
10241.03119989305,491
10248.06212370137,490
10248.06212370137,490
10255.09293398736,489
10255.09293398736,489
10272.31781944005,489
10272.31781944005,489
10279.34877095986,491
10279.34877095986,491
10333.99999999995,491
10334,491
10341.03103490311,490
10341.03103490311,490
10348.06164360406,489
10348.06164360406,489
10355.0912486164,490
10355.0912486164,490
10383.99999999987,490
10384,490
10441.85615170817,490
10441.85615170817,490
10448.88579911805,491
10448.88579911805,491
10455.91601153366,492
10455.91601153366,492
10462.9466407949,491
10462.9466407949,491
10483.99999999956,491
10484,491
10502.08453819245,491
10502.08453819245,491
10509.11565527532,490
10509.11565527532,490
10516.14331975876,491
10516.14331975876,491
10541.99999999925,491
10542,491
10549.03078045699,490
10549.03078045699,490
10556.06169349338,489
10556.06169349338,489
10563.09192034482,488
10563.09192034482,488
10570.8342437049,488
10570.8342437049,488
10577.86458241761,489
10577.86458241761,489
10585.99999999987,489
10586,489
10593.71431760086,489
10593.71431760086,489
10600.74543530057,490
10600.74543530057,490
10621.24531479053,490
10621.24531479053,490
10628.27488845161,492
10628.27488845161,492
10651.99999999977,492
10652,492
10659.03076553421,491
10659.03076553421,491
10680,491
10687.03114619316,490
10687.03114619316,490
10705.77844424213,490
10705.77844424213,490
10712.80790988444,491
10712.80790988444,491
10755.71116628657,491
10755.71116628657,491
10762.74222735842,493
10762.74222735842,493
10769.77326798459,494
10769.77326798459,494
10776.80224816055,493
10776.80224816055,493
10789.99999999966,493
10790,493
10797.02992121095,492
10797.02992121095,492
10809.99999999989,492
10810,492
10817.03058035941,491
10817.03058035941,491
10824.06159530224,492
10824.06159530224,492
10845.32757419066,492
10845.32757419066,492
10852.3582863616,493
10852.3582863616,493
10899.99999999916,493
10900,493
10907.0266686294,494
10907.0266686294,494
10928.14393764327,494
10928.14393764327,494
10940.74334231005,494
10940.74334231005,494
10947.77414244046,495
10947.77414244046,495
10968.99999999988,495
10969,495
10976.03103337697,494
10976.03103337697,494
11041,494
11048.0311133446,493
11048.0311133446,493
11057.09381476,493
11057.09381476,493
11064.12462309223,494
11064.12462309223,494
11071.15572457344,493
11071.15572457344,493
11078.18556223586,494
11078.18556223586,494
11090.745960701,494
11090.745960701,494
11097.77456257807,495
11097.77456257807,495
11126,495
11133.03036314368,494
11133.03036314368,494
11155.99999999941,494
11156,494
11163.03049676901,493
11163.03049676901,493
11187.33230975365,493
11187.33230975365,493
11194.36343966728,494
11194.36343966728,494
11237.81875739187,494
11237.81875739187,494
11244.84830510606,496
11244.84830510606,496
11284.99999999996,496
11285,496
11306.99999999983,496
11307,496
11314.03076820783,495
11314.03076820783,495
11332.99999999935,495
11333,495
11340.03069636072,494
11340.03069636072,494
11356.99999999967,494
11357,494
11364.0293026478,492
11364.0293026478,492
11388.15049327764,492
11388.15049327764,492
11395.18157324918,493
11395.18157324918,493
11404.66018114791,493
11404.66018114791,493
11411.69081776456,494
11411.69081776456,494
11418.721805032,493
11418.721805032,493
11461.99999999933,493
11462,493
11469.02964522645,492
11469.02964522645,492
11501.99999999971,492
11502,492
11509.03010661939,490
11509.03010661939,490
11516.06053150669,489
11516.06053150669,489
11550.99999999932,489
11551,489
11558.02835698066,488
11558.02835698066,488
11564.99999999947,489
11565.05952365246,488
11575.53409286146,488
11575.53409286146,488
11582.56456492087,489
11582.56456492087,489
11606.14553737894,489
11606.14553737894,489
11613.17637972978,490
11613.17637972978,490
11622.9999999993,490
11623,490
11630.0287029259,489
11630.0287029259,489
11641.88921261086,489
11641.88921261086,489
11648.91912354366,490
11648.91912354366,490
11655.94979069285,489
11655.94979069285,489
11694.99999999974,489
11695,489
11702.03094216494,488
11702.03094216494,488
11709.06120152478,487
11709.06120152478,487
11716.09237620612,488
11716.09237620612,488
11727.05804917449,488
11727.05804917449,488
11734.08777225979,489
11734.08777225979,489
11741.11872731875,488
11741.11872731875,488
11752.58858413361,488
11752.58858413361,488
11759.61962449147,489
11759.61962449147,489
11782.26461605748,489
11782.26461605748,489
11789.29471933315,490
11789.29471933315,490
11796.32585343762,489
11796.32585343762,489
11807.42753756799,489
11807.42753756799,489
11814.45861808676,490
11814.45861808676,490
11821.48861479315,489
11821.48861479315,489
11828.51888178725,488
11828.51888178725,488
11835.54980227237,491
11835.54980227237,491
11842.58072879556,492
11842.58072879556,492
11866.99999999941,492
11867,492
11874.02889293632,491
11874.02889293632,491
11899.28460367432,491
11899.28460367432,491
11938.9999999991,491
11939,491
11946.03078967257,490
11946.03078967257,490
11965.99999999991,490
11966,490
12011.80612400745,490
12011.80612400745,490
12018.83562571516,491
12018.83562571516,491
12039.15439195369,491
12039.15439195369,491
12046.18549268042,492
12046.18549268042,492
12053.21509079938,490
12053.21509079938,490
12060.24530861376,489
12060.24530861376,489
12099.4790085695,489
12099.4790085695,489
12106.50965253931,490
12106.50965253931,490
12158.20200051242,490
12158.20200051242,490
12165.2321134279,491
12165.2321134279,491
12176,491
12191.90680656381,491
12191.90680656381,491
12198.93780733014,492
12198.93780733014,492
12205.96688008178,493
12205.96688008178,493
12253.50662912373,493
12253.50662912373,493
12260.5371524644,494
12260.5371524644,494
12301.9999999997,494
12302,494
12309.02960200417,492
12309.02960200417,492
12316.05969050794,493
12316.05969050794,493
12352.99999999921,493
12353,493
12360.03017814683,492
12360.03017814683,492
12367.73323813051,492
12367.73323813051,492
12384,492
12391.031056642,491
12391.031056642,491
12398.06109757128,490
12398.06109757128,490
12435.99999999969,490
12436,490
12443.03087603622,489
12443.03087603622,489
12460.78959468654,489
12460.78959468654,489
12467.81947059681,490
12467.81947059681,490
12474.85029197204,491
12474.85029197204,491
12524.99999999985,491
12525,491
12532.03113220684,490
12532.03113220684,490
12539.06215101407,489
12539.06215101407,489
12547.99999999971,489
12548,489
12555.03074416151,486
12555.03074416151,486
12562.06106451794,484
12562.06106451794,484
12569.09065257961,485
12569.09065257961,485
12576.12180162753,486
12576.12180162753,486
12613.8144820891,486
12613.8144820891,486
12620.84556842098,487
12620.84556842098,487
12627.87668338848,486
12627.87668338848,486
12634.9077230457,487
12634.9077230457,487
12641.93758577567,488
12641.93758577567,488
12648.96843925216,489
12648.96843925216,489
12655.99905556456,488
12655.99905556456,488
12663.02793836764,487
12663.02793836764,487
12670.99999999979,487
12671,487
12678.02751232595,486
12678.02751232595,486
12685.82870419714,486
12685.82870419714,486
12692.85947540409,488
12692.85947540409,488
12699.89055691521,487
12699.89055691521,487
12794.61843213482,487
12794.61843213482,487
12801.64759321353,489
12801.64759321353,489
12816.9397536475,489
12816.9397536475,489
12823.97003033273,490
12823.97003033273,490
12831.00056362165,489
12831.00056362165,489
12838.03108830211,490
12838.03108830211,490
12863.99999999955,490
12864,490
12871.03111308291,489
12871.03111308291,489
12878.06226433393,491
12878.06226433393,491
12899.15343553657,491
12899.15343553657,491
12906.18396582401,492
12906.18396582401,492
12936.99999999952,492
12937,492
12944.02871832018,491
12944.02871832018,491
12951.05984043696,490
12951.05984043696,490
12958.08667619516,492
12958.08667619516,492
12978.99999999996,492
12979,492
12986.02919713511,491
12986.02919713511,491
12993.05986299054,489
12993.05986299054,489
13028.99999999977,489
13029,489
13036.03061497248,488
13036.03061497248,488
13056.99999999931,488
13057,488
13064.02993967176,486
13064.02993967176,486
13071.06000311331,487
13071.06000311331,487
13081.74658457696,487
13081.74658457696,487
13088.77715098193,489
13088.77715098193,489
13096.99999999942,489
13097,489
13104.03123186491,488
13104.03123186491,488
13111.06058551839,487
13111.06058551839,487
13131.9999999997,487
13132,487
13139.03069950809,486
13139.03069950809,486
13160.61837401812,486
13160.61837401812,486
13167.64910873599,487
13167.64910873599,487
13177.99999999943,487
13178,487
13185.03092783132,486
13185.03092783132,486
13203.70883545059,486
13203.70883545059,486
13210.7387493229,487
13210.7387493229,487
13217.768454974,486
13217.768454974,486
13224.79952945183,487
13224.79952945183,487
13231.83026949724,488
13231.83026949724,488
13245.4686518529,488
13245.4686518529,488
13267.83191166374,488
13267.83191166374,488
13274.86302261541,489
13274.86302261541,489
13282.66649887769,489
13282.66649887769,489
13289.69548241967,490
13289.69548241967,490
13296.72608095257,491
13296.72608095257,491
13304.52267097166,491
13304.52267097166,491
13311.55078003916,492
13311.55078003916,492
13318.58155344026,493
13318.58155344026,493
13332.99999999961,493
13333,493
13340.02965821226,492
13340.02965821226,492
13347.05974963225,490
13347.05974963225,490
13376.37008429608,490
13376.37008429608,490
13383.3981728122,491
13383.3981728122,491
13390.42417982036,490
13390.42417982036,490
13397.45495337476,491
13397.45495337476,491
13428.99999999984,491
13429,491
13489.03981905646,491
13489.03981905646,491
13496.07006853759,492
13496.07006853759,492
13503.10072879675,493
13503.10072879675,493
13510.13106490637,494
13510.13106490637,494
13539.99999999986,494
13540,494
13547.03087105784,493
13547.03087105784,493
13557.99999999918,493
13558,493
13613.99999999997,493
13614,493
13621.03089578062,492
13621.03089578062,492
13628.06134315213,491
13628.06134315213,491
13635.09202572028,492
13635.09202572028,492
13658.9999999992,492
13659,492
13666.03076859453,491
13666.03076859453,491
13672.99999999948,492
13673.06067878952,491
13681.99999999967,491
13682,491
13712.99999999982,491
13713,491
13720.03071389199,489
13720.03071389199,489
13785.9234606819,489
13785.9234606819,489
13792.95420299852,490
13792.95420299852,490
13831.99999999997,490
13832,490
13839.03108591964,489
13839.03108591964,489
13852.21848816259,489
13852.21848816259,489
13859.24906581787,490
13859.24906581787,490
13869.55503449875,490
13869.55503449875,490
13876.58583180223,491
13876.58583180223,491
13899.0310056421,491
13899.0310056421,491
13905.99999999979,492
13906.06157721589,491
13942.74353403844,491
13942.74353403844,491
13949.77292100828,493
13949.77292100828,493
13960.99999999947,493
13961,493
13968.02843255497,491
13968.02843255497,491
13975.99999999998,491
13976,491
13988.79893068538,491
13988.79893068538,491
13995.82790151076,492
13995.82790151076,492
14031.13160351752,492
14031.13160351752,492
14038.16282189627,493
14038.16282189627,493
14045.19342657796,492
14045.19342657796,492
14082.99999999939,492
14083,492
14090.03102791993,491
14090.03102791993,491
14103.15093539751,491
14103.15093539751,491
14110.18204179894,493
14110.18204179894,493
14160.99999999997,493
14161,493
14168.03048697875,492
14168.03048697875,492
14205.44984442249,492
14205.44984442249,492
14212.48061009985,493
14212.48061009985,493
14219.50992614705,494
14219.50992614705,494
14239.99999999979,494
14240,494
14247.03004379631,493
14247.03004379631,493
14254.0601646517,494
14254.0601646517,494
14261.08987339864,493
14261.08987339864,493
14268.12001840643,492
14268.12001840643,492
14275.15068850866,490
14275.15068850866,490
14283.99999999931,490
14284,490
14291.02652662637,489
14291.02652662637,489
14298.26437199573,489
14298.26437199573,489
14305.29439822261,490
14305.29439822261,490
14327.99999999917,490
14328,490
14335.03123830938,489
14335.03123830938,489
14342.05834124055,488
14342.05834124055,488
14351.99999999934,488
14352,488
14359.03087886574,487
14359.03087886574,487
14366.06115171927,486
14366.06115171927,486
14373.091426354,485
14373.091426354,485
14421.52353653946,485
14421.52353653946,485
14428.55322989195,486
14428.55322989195,486
14442.67913793154,486
14442.67913793154,486
14449.70879167727,487
14449.70879167727,487
14477.67810096491,487
14477.67810096491,487
14484.70842125595,488
14484.70842125595,488
14505.76646163044,488
14505.76646163044,488
14512.79655104774,489
14512.79655104774,489
14534.3475494696,489
14534.3475494696,489
14541.37844692646,492
14541.37844692646,492
14565.93987028461,492
14565.93987028461,492
14572.97046068717,493
14572.97046068717,493
14591.93499839188,493
14591.93499839188,493
14598.96596795358,494
14598.96596795358,494
14605.99710963875,496
14605.99710963875,496
14618.54471426793,496
14618.54471426793,496
14625.57538556123,497
14625.57538556123,497
14633.52174472546,497
14633.52174472546,497
14640.55189502989,498
14640.55189502989,498
14658.67952748445,498
14658.67952748445,498
14665.71054507922,499
14665.71054507922,499
14719.00000000027,499
14719.00000000037,499
14726.02956682551,498
14726.02956682551,498
14733.06070661116,496
14733.06070661116,496
14786,496
14786.00000000052,496
14793.02871790769,495
14793.02871790769,495
14816.00000000038,495
14816.00000000053,495
14823.03016626023,494
14823.03016626023,494
14859.99999999983,494
14860.00000000059,494
14867.03097695369,493
14867.03097695369,493
14880.99999999999,493
14881.00000000053,493
14888.03065359077,492
14888.03065359077,492
14895.06092053065,491
14895.06092053065,491
14911.00000000029,491
14911.00000000059,491
14918.03063348204,490
14918.03063348204,490
14937.0000000004,490
14937.00000000052,490
14944.03124198482,489
14944.03124198482,489
14961.00000000018,489
14961.00000000054,489
14968.03072289151,487
14968.03072289151,487
14975.36281159029,487
14975.36281159029,487
14982.3933872426,489
14982.3933872426,489
14990.91678004357,489
14990.91678004357,489
14997.94584491907,490
14997.94584491907,490
15006.86231910333,490
15006.86231910333,490
15013.89255054504,491
15013.89255054504,491
15020.92082311931,490
15020.92082311931,490
15046.23681002273,490
15046.23681002273,490
15053.26713725886,491
15053.26713725886,491
15060.29801442821,489
15060.29801442821,489
15076.99999999944,489
15077.00000000016,489
15084.03035297902,488
15084.03035297902,488
15124.00000000014,488
15124.00000000019,488
15131.02884451194,489
15131.02884451194,489
15138.05954857336,490
15138.05954857336,490
15146.31136884816,490
15146.31136884816,490
15153.34005910297,491
15153.34005910297,491
15160.37099083046,492
15160.37099083046,492
15177.90438072836,492
15177.90438072836,492
15184.93381779203,493
15184.93381779203,493
15195.99999999987,493
15195.99999999991,493
15203.03124618101,491
15203.03124618101,491
15212.9999999999,491
15212.99999999992,491
15220.02988430697,490
15220.02988430697,490
15254.99999999974,490
15254.99999999995,490
15262.02905698838,489
15262.02905698838,489
15269.06020568792,490
15269.06020568792,490
15292.18927271874,490
15292.18927271874,490
15299.21998443256,491
15299.21998443256,491
15309.89218608883,491
15309.89218608883,491
15316.92282599146,492
15316.92282599146,492
15335.33162076994,492
15335.33162076994,492
15342.36019136461,491
15342.36019136461,491
15366.59372161649,491
15366.59372161649,491
15373.62431736917,492
15373.62431736917,492
15380.65349472609,493
15380.65349472609,493
15432.74970995731,493
15432.74970995731,493
15441.99999999895,493
15441.99999999981,493
15449.02989652163,492
15449.02989652163,492
15463.47963029155,492
15463.47963029155,492
15470.50822341359,493
15470.50822341359,493
15486.99999999959,493
15486.99999999995,493
15494.03080650376,492
15494.03080650376,492
15501.06178408753,494
15501.06178408753,494
15508.09084868617,493
15508.09084868617,493
15529.81448325433,493
15529.81448325433,493
15569.99999999916,493
15569.99999999992,493
15577.03051848481,491
15577.03051848481,491
15588.78118061777,491
15588.78118061777,491
15595.8117038409,490
15595.8117038409,490
15622.99999999974,490
15622.99999999993,490
15630.03121591176,488
15630.03121591176,488
15647.99999999972,488
15648.00000000001,488
15655.0299506061,487
15655.0299506061,487
15667.99999999914,487
15667.99999999988,487
15675.03059426749,486
15675.03059426749,486
15682.05942532075,487
15682.05942532075,487
15689.08864598546,488
15689.08864598546,488
15702.99999999897,488
15702.99999999996,488
15710.03057964289,487
15710.03057964289,487
15721.99999999931,487
15722.0000000001,487
15729.03072483292,486
15729.03072483292,486
15743.9999999994,486
15744,486
15755.70484086906,486
15755.70484086906,486
15762.73585680038,487
15762.73585680038,487
15769.76703319997,486
15769.76703319997,486
15776.79740856234,487
15776.79740856234,487
15788.99999999972,487
15789.00000000016,487
15796.0302486646,486
15796.0302486646,486
15807.22945385746,486
15807.22945385746,486
15814.25897125782,487
15814.25897125782,487
15821.28997723561,488
15821.28997723561,488
15832.91470239118,488
15832.91470239118,488
15839.9450724866,490
15839.9450724866,490
15846.97533276239,489
15846.97533276239,489
15854.00405084006,487
15854.00405084006,487
15870.99174728552,487
15870.99174728552,487
15878.02096087538,488
15878.02096087538,488
15888.99999999969,488
15889.00000000027,488
15896.02915464053,487
15896.02915464053,487
15923.10249017159,487
15923.10249017159,487
15930.13292968895,488
15930.13292968895,488
15947.44339647737,488
15947.44339647737,488
15957.87062584333,488
15957.87062584333,488
15964.90099003064,489
15964.90099003064,489
15973.10835232812,489
15973.10835232812,489
15980.13929677673,490
15980.13929677673,490
15995.43140175258,490
15995.43140175258,490
16018.54353413419,490
16018.54353413419,490
16033.04327532016,490
16033.04327532016,490
16040.07378441991,491
16040.07378441991,491
16066.99999999964,491
16066.99999999993,491
16074.03044888925,490
16074.03044888925,490
16090.99999999969,490
16090.99999999999,490
16098.0304003635,491
16098.0304003635,491
16116.57223997052,491
16116.57223997052,491
16123.60307300344,493
16123.60307300344,493
16142.99999999964,493
16143.00000000024,493
16150.03072364171,492
16150.03072364171,492
16157.0615615311,493
16157.0615615311,493
16174.00000000005,493
16174.00000000015,493
16181.02893454634,492
16181.02893454634,492
16191.9999999997,492
16192.00000000014,492
16199.02865086668,491
16199.02865086668,491
16206.99999999979,491
16206.99999999995,491
16214.03010125919,489
16214.03010125919,489
16238.32075089004,489
16238.32075089004,489
16245.35163249004,490
16245.35163249004,490
16252.38533641154,490
16252.38533641154,490
16259.41606503691,491
16259.41606503691,491
16266.44477318493,492
16266.44477318493,492
16273.47581250106,491
16273.47581250106,491
16285.73558094205,491
16285.73558094205,491
16334.69757974726,491
16334.69757974726,491
16341.7262020906,493
16341.7262020906,493
16348.75732857899,492
16348.75732857899,492
16355.78792183767,491
16355.78792183767,491
16368.99999999909,491
16368.99999999975,491
16376.03100512436,490
16376.03100512436,490
16407.12540525736,490
16407.12540525736,490
16414.15561631742,491
16414.15561631742,491
16421.18327180404,492
16421.18327180404,492
16428.21395738743,491
16428.21395738743,491
16440.97854126081,491
16440.97854126081,491
16448.00845602186,492
16448.00845602186,492
16455.52165699263,492
16455.52165699263,492
16473.99999999966,492
16473.99999999988,492
16481.03096289753,491
16481.03096289753,491
16490.99999999958,491
16490.99999999983,491
16498.03043061824,490
16498.03043061824,490
16505.06166170553,491
16505.06166170553,491
16512.09256334594,490
16512.09256334594,490
16540.99999999954,490
16541.00000000005,490
16553.99999999947,490
16553.99999999961,490
16583.99999999985,490
16583.9999999999,490
16599.01830605424,490
16599.01830605424,490
16606.04939681361,491
16606.04939681361,491
16613.08029599228,490
16613.08029599228,490
16654.99999999964,490
16655.00000000035,490
16662.02709131905,489
16662.02709131905,489
16669.05603599451,490
16669.05603599451,490
16681.00000000007,490
16681.00000000008,490
16692.99999999945,490
16692.99999999992,490
16700.02834077857,489
16700.02834077857,489
16707.05886673446,488
16707.05886673446,488
16714.08999811972,489
16714.08999811972,489
16742.99999999925,489
16743.00000000005,489
16769.86618827847,489
16769.86618827847,489
16776.8971918704,490
16776.8971918704,490
16783.92765222104,491
16783.92765222104,491
16807.13265406451,491
16807.13265406451,491
16814.99999999946,491
16815.00000000023,491
16822.03054709409,489
16822.03054709409,489
16840.99999999968,489
16841.00000000005,489
16848.03072847165,487
16848.03072847165,487
16864.00000000029,487
16864.00000000044,487
16871.03073858286,486
16871.03073858286,486
16878.0614195902,487
16878.0614195902,487
16888.99999999991,487
16889.00000000049,487
16910.6490338111,487
16910.6490338111,487
16917.68011909183,488
16917.68011909183,488
16931.00000000029,488
16931.00000000062,488
16942.0000000004,488
16942.00000000063,488
16949.03122446602,486
16949.03122446602,486
16957.00000000044,486
16957.00000000059,486
16964.027539152,487
16964.027539152,487
16971.05845679415,486
16971.05845679415,486
16978.08968844011,487
16978.08968844011,487
16985.1201299784,486
16985.1201299784,486
16995.00000000022,486
16995.00000000033,486
17002.03108046776,485
17002.03108046776,485
17009.06134327512,486
17009.06134327512,486
17051.99999999967,486
17051.99999999992,486
17059.03053649813,485
17059.03053649813,485
17066.06175393381,487
17066.06175393381,487
17073.09095345165,488
17073.09095345165,488
17095.60790450502,488
17095.60790450502,488
17120.54514383844,488
17120.54514383844,488
17127.57617814652,489
17127.57617814652,489
17134.60569378478,488
17134.60569378478,488
17165.4020994432,488
17165.4020994432,488
17172.43320475217,490
17172.43320475217,490
17184.99999999971,490
17185.96552419465,489
17192.99511738279,491
17192.99511738279,491
17218.1521061147,491
17218.1521061147,491
17225.18318377933,493
17225.18318377933,493
17232.21252777733,491
17232.21252777733,491
17239.24174169239,492
17239.24174169239,492
17247.87855601255,492
17247.87855601255,492
17254.90723187757,493
17254.90723187757,493
17267.30213378053,493
17267.30213378053,493
17274.33193639241,494
17274.33193639241,494
17298.06580149967,494
17298.06580149967,494
17305.09545113856,495
17305.09545113856,495
17329.99999999884,495
17329.9999999996,495
17337.02956504144,494
17337.02956504144,494
17357.76329427359,494
17357.76329427359,494
17364.79252294988,495
17364.79252294988,495
17371.82312813001,494
17371.82312813001,494
17419.99999999844,494
17419.99999999923,494
17427.03055348062,493
17427.03055348062,493
17454.60584290464,493
17454.60584290464,493
17461.63660089332,494
17461.63660089332,494
17468.99999999904,494
17468.99999999912,494
17476.03102787847,493
17476.03102787847,493
17483.06130696334,492
17483.06130696334,492
17490.09239146289,494
17490.09239146289,494
17497.12339806981,493
17497.12339806981,493
17504.15262677447,492
17504.15262677447,492
17534.99999999842,492
17534.99999999879,492
17542.03028117357,491
17542.03028117357,491
17576.99999999792,491
17576.9999999987,491
17584.02982702496,490
17584.02982702496,490
17608.99999999825,490
17608.99999999843,490
17616.02991991341,489
17616.02991991341,489
17623.06091444441,490
17623.06091444441,490
17638.99999999803,490
17638.99999999881,490
17646.02983648915,489
17646.02983648915,489
17682.2370884702,489
17682.2370884702,489
17693.73507220143,489
17693.73507220143,489
17700.76544419371,490
17700.76544419371,490
17713.99999999774,490
17713.99999999869,490
17721.03065664792,489
17721.03065664792,489
17733.42425324993,489
17733.42425324993,489
17740.45440576579,490
17740.45440576579,490
17751.83921267932,490
17751.83921267932,490
17758.86773562304,491
17758.86773562304,491
17765.89824114452,492
17765.89824114452,492
17773.99999999886,492
17773.99999999908,492
17781.03117220683,491
17781.03117220683,491
17791.30212806088,491
17791.30212806088,491
17806.99999999814,491
17806.99999999893,491
17814.02850449513,490
17814.02850449513,490
17821.05954026672,489
17821.05954026672,489
17837.84145327341,489
17837.84145327341,489
17844.87154526924,490
17844.87154526924,490
17854.99999999841,490
17854.99999999852,490
17862.03095718554,489
17862.03095718554,489
17869.06109461819,490
17869.06109461819,490
17883.12548799405,490
17883.12548799405,490
17890.15672015095,491
17890.15672015095,491
17906.99999999805,491
17906.99999999809,491
17914.02876970006,490
17914.02876970006,490
17924.99999999737,490
17924.9999999983,490
17947.9999999983,490
17947.99999999866,490
17955.02976619679,488
17955.02976619679,488
17962.0606719279,489
17962.0606719279,489
17972.99999999859,489
17972.99999999865,489
17980.03057269343,488
17980.03057269343,488
17988.18797369904,488
17988.18797369904,488
17996.99999999837,488
17996.99999999873,488
18004.03114638254,487
18004.03114638254,487
18052.35959163641,487
18052.35959163641,487
18059.39081884522,488
18059.39081884522,488
18066.42178668139,487
18066.42178668139,487
18087.50669381285,487
18087.50669381285,487
18094.53746098925,489
18094.53746098925,489
18103.67696310685,489
18103.67696310685,489
18110.70736756011,490
18110.70736756011,490
18123.84442787563,490
18123.84442787563,490
18130.87558929402,491
18130.87558929402,491
18142.99999999809,491
18142.99999999853,491
18150.03096189617,490
18150.03096189617,490
18157.06193827206,489
18157.06193827206,489
18173.9999999983,489
18173.99999999845,489
18181.03113946028,488
18181.03113946028,488
18197.0187404639,488
18197.0187404639,488
18204.04679068281,489
18204.04679068281,489
18211.07738189297,488
18211.07738189297,488
18231.72222415773,488
18231.72222415773,488
18238.75314159946,489
18238.75314159946,489
18245.88879120692,489
18245.88879120692,489
18252.91821577047,491
18252.91821577047,491
18259.99999999749,491
18259.99999999787,491
18267.03022261228,490
18267.03022261228,490
18274.06109691147,488
18274.06109691147,488
18285.68489318158,488
18285.68489318158,488
18292.71510286822,489
18292.71510286822,489
18299.99999999745,489
18299.99999999765,489
18308.52332394228,489
18308.52332394228,489
18329.99999999828,489
18329.99999999828,489
18337.03097006679,488
18337.03097006679,488
18344.99999999778,488
18344.99999999819,488
18352.0303156138,486
18352.0303156138,486
18359.06087394521,484
18359.06087394521,484
18401.047202231,484
18401.047202231,484
18408.07592023313,485
18408.07592023313,485
18419.03256764633,485
18419.03256764633,485
18426.0619818314,486
18426.0619818314,486
18455.57044089515,486
18455.57044089515,486
18462.59958032113,488
18462.59958032113,488
18492.99999999751,488
18492.99999999759,488
18500.03093491343,487
18500.03093491343,487
18513.46655535618,487
18513.46655535618,487
18520.49611373793,488
18520.49611373793,488
18543.61667209254,488
18543.61667209254,488
18550.6436558436,489
18550.6436558436,489
18557.67401027309,490
18557.67401027309,490
18579.76454667561,490
18579.76454667561,490
18589.6363228944,490
18589.6363228944,490
18596.66743975555,492
18596.66743975555,492
18603.69808074031,494
18603.69808074031,494
18610.72852467259,495
18610.72852467259,495
18617.75734546284,496
18617.75734546284,496
18624.78799309399,495
18624.78799309399,495
18664.99999999695,495
18664.99999999785,495
18672.02992059699,493
18672.02992059699,493
18679.06102577104,492
18679.06102577104,492
18689.99999999733,492
18689.999999998,492
18697.03076554456,491
18697.03076554456,491
18758.99999999806,491
18758.99999999808,491
18837.53875039797,491
18837.53875039797,491
18865.99999999776,491
18865.99999999865,491
18873.5294411224,491
18873.5294411224,491
18880.56005343331,492
18880.56005343331,492
18889.99999999797,492
18889.99999999862,492
18897.03120344701,491
18897.03120344701,491
18923.99999999776,491
18923.99999999851,491
18931.02905251708,490
18931.02905251708,490
18939.99999999829,490
18939.99999999838,490
18947.02989667597,488
18947.02989667597,488
18961.23421425024,488
18961.23421425024,488
18968.26543427237,489
18968.26543427237,489
18993.99999999786,489
18993.99999999866,489
19001.0303940113,488
19001.0303940113,488
19008.06105596312,489
19008.06105596312,489
19015.09182441737,490
19015.09182441737,490
19023.56639459555,490
19023.56639459555,490
19030.5973438287,491
19030.5973438287,491
19070.99999999856,491
19070.99999999886,491
19078.02698274962,490
19078.02698274962,490
19092.68920246369,490
19092.68920246369,490
19099.71946316405,491
19099.71946316405,491
19108.53043405337,491
19108.53043405337,491
19157.21555560743,491
19157.21555560743,491
19164.24676062299,493
19164.24676062299,493
19178.90701984418,493
19178.90701984418,493
19185.93792667935,494
19185.93792667935,494
19218.4356718865,494
19218.4356718865,494
19225.46630642865,496
19225.46630642865,496
19245.99999999936,496
19245.99999999974,496
19280.84375051504,496
19280.84375051504,496
19295.9999999998,496
19295.99999999998,496
19303.03000323604,492
19303.03000323604,492
19310.99999999925,492
19310.9999999998,492
19326.99999999964,492
19326.99999999966,492
19334.03090473913,491
19334.03090473913,491
19367.53023798131,491
19367.53023798131,491
19374.56121642065,492
19374.56121642065,492
19402.99999999935,492
19402.99999999961,492
19410.03037820267,491
19410.03037820267,491
19419.99999999975,491
19419.99999999985,491
19427.03104505161,490
19427.03104505161,490
19468.99999999903,490
19468.99999999977,490
19476.03029782511,489
19476.03029782511,489
19508.99999999897,489
19508.99999999979,489
19516.03073708711,488
19516.03073708711,488
19531.98359543531,488
19531.98359543531,488
19539.01441424964,491
19539.01441424964,491
19559.99999999957,491
19559.99999999972,491
19567.03059362862,490
19567.03059362862,490
19575.98995115473,490
19575.98995115473,490
19583.0203009416,491
19583.0203009416,491
19594.87654334788,491
19594.87654334788,491
19601.9059511475,492
19601.9059511475,492
19608.93562356014,493
19608.93562356014,493
19646.69979658644,493
19646.69979658644,493
19653.72893607544,495
19653.72893607544,495
19661.99999999949,495
19662.0000000001,495
19669.03008176788,493
19669.03008176788,493
19718.00000000023,493
19718.00000000029,493
19725.72002867543,493
19725.72002867543,493
19732.75084456278,494
19732.75084456278,494
19748.00000000025,494
19748.00000000025,494
19755.02930014245,493
19755.02930014245,493
19799.00000000011,493
19799.00000000025,493
19821.42434734584,493
19821.42434734584,493
19828.45433639399,495
19828.45433639399,495
19890.00000000032,495
19890.0000000005,495
19897.02506389175,493
19897.02506389175,493
19912.03808323226,493
19912.03808323226,493
19919.06785566196,494
19919.06785566196,494
19946.47084215879,494
19946.47084215879,494
19977.00000000037,494
19977.00000000096,494
19984.02932992436,493
19984.02932992436,493
20010.09424995488,493
20010.09424995488,493
20017.12540210486,494
20017.12540210486,494
20034.00000000141,494
20034.00000000144,494
20041.02901627804,492
20041.02901627804,492
20048.05955475426,493
20048.05955475426,493
20066.00000000077,493
20066.00000000106,493
20074.00000000024,493
20074.00000000088,493
20081.03060755115,492
20081.03060755115,492
20093.00000000046,492
20093.00000000116,492
20100.02994463551,491
20100.02994463551,491
20107.06053869995,490
20107.06053869995,490
20139.48457586829,490
20139.48457586829,490
20146.51538236651,491
20146.51538236651,491
20166.00000000103,491
20166.00000000114,491
20173.03014454489,490
20173.03014454489,490
20180.58423743496,490
20180.58423743496,490
20187.61461863631,491
20187.61461863631,491
20219.00000000068,491
20219.00000000101,491
20226.03097403468,490
20226.03097403468,490
20270.00000000072,490
20270.00000000132,490
20282.00000000104,490
20282.0000000012,490
20289.03029552359,491
20289.03029552359,491
20296.060201759,492
20296.060201759,492
20313.00000000128,492
20313.00000000132,492
20320.03090771513,491
20320.03090771513,491
20331.24314369959,491
20331.24314369959,491
20338.27426547303,493
20338.27426547303,493
20350.96458289656,493
20350.96458289656,493
20405.00000000036,493
20405.00000000089,493
20412.02929684625,492
20412.02929684625,492
20446.99999999998,492
20447.0000000001,492
20488.9999999991,492
20489.00000000008,492
20496.031007116,490
20496.031007116,490
20509.11758288646,490
20509.11758288646,490
20516.14706496671,492
20516.14706496671,492
20530.99999999969,492
20531.00000000024,492
20538.02682214828,490
20538.02682214828,490
20551.99999999926,490
20552.00000000008,490
20559.03041744912,491
20559.03041744912,491
20566.06019835848,490
20566.06019835848,490
20584.00000000015,490
20584.00000000032,490
20591.03012134787,488
20591.03012134787,488
20598.06124455213,486
20598.06124455213,486
20605.0912948429,485
20605.0912948429,485
20612.12231980955,486
20612.12231980955,486
20646.3336090403,486
20646.3336090403,486
20653.36452695577,487
20653.36452695577,487
20665.99999999999,487
20666.00000000031,487
20673.03110624752,486
20673.03110624752,486
20686.9999999998,486
20687.00000000025,486
20694.0309575361,485
20694.0309575361,485
20701.06060349429,486
20701.06060349429,486
20708.09169858688,484
20708.09169858688,484
20745.32170664263,484
20745.32170664263,484
20752.35288419064,485
20752.35288419064,485
20759.44945927841,485
20759.44945927841,485
20766.47962410359,486
20766.47962410359,486
20774.38923655086,486
20774.38923655086,486
20781.42012916215,487
20781.42012916215,487
20800.77044826979,487
20800.77044826979,487
20807.80076223688,488
20807.80076223688,488
20835.24955582973,488
20835.24955582973,488
20842.28073363162,489
20842.28073363162,489
20849.31118896056,492
20849.31118896056,492
20856.34232165321,493
20856.34232165321,493
20870.99999999947,493
20870.99999999995,493
20878.03060396318,492
20878.03060396318,492
20889.90635634523,492
20889.90635634523,492
20896.93644339964,493
20896.93644339964,493
20910.01546601098,493
20910.01546601098,493
20917.04578098543,494
20917.04578098543,494
20946.50151006079,494
20946.50151006079,494
20953.53242595464,495
20953.53242595464,495
20960.56272218722,496
20960.56272218722,496
20967.5933519276,497
20967.5933519276,497
20981.99999999935,497
20981.9999999994,497
20989.03112403211,495
20989.03112403211,495
21021.2129115942,495
21021.2129115942,495
21028.24409041173,496
21028.24409041173,496
21035.27496222442,495
21035.27496222442,495
21084.99999999851,495
21084.99999999945,495
21092.03124107744,493
21092.03124107744,493
21111.01717101659,493
21111.01717101659,493
21118.04800200363,494
21118.04800200363,494
21125.07880712888,493
21125.07880712888,493
21146.54142833508,493
21146.54142833508,493
21153.57107869724,494
21153.57107869724,494
21171.99999999949,494
21171.99999999952,494
21179.03124238168,493
21179.03124238168,493
21201.99999999918,493
21201.99999999961,493
21209.03032064874,492
21209.03032064874,492
21239.99999999952,492
21239.99999999959,492
21259.18226232937,492
21259.18226232937,492
21268.99999999907,492
21268.99999999941,492
21276.03012197838,491
21276.03012197838,491
21283.06129229292,490
21283.06129229292,490
21290.99999999879,490
21290.99999999937,490
21298.03069565936,489
21298.03069565936,489
21305.0588180855,488
21305.0588180855,488
21312.0899945871,489
21312.0899945871,489
21322.9999999985,489
21322.99999999943,489
21330.03024023767,488
21330.03024023767,488
21337.06125814166,487
21337.06125814166,487
21355.99999999868,487
21355.99999999913,487
21363.99999999877,487
21363.99999999907,487
21389.99534659231,487
21389.99534659231,487
21397.02652179912,488
21397.02652179912,488
21419.36184346279,488
21419.36184346279,488
21426.39281677744,489
21426.39281677744,489
21433.4233295347,488
21433.4233295347,488
21467.99999999896,488
21467.99999999906,488
21475.03107813052,487
21475.03107813052,487
21482.05916001497,488
21482.05916001497,488
21506.39974009386,488
21506.39974009386,488
21513.43013185061,489
21513.43013185061,489
21528.99999999806,489
21528.99999999883,489
21536.02915153431,488
21536.02915153431,488
21563.40652509385,488
21563.40652509385,488
21570.43746560367,489
21570.43746560367,489
21577.4684706764,490
21577.4684706764,490
21584.49929610945,488
21584.49929610945,488
21602.31075976196,488
21602.31075976196,488
21609.34129245549,489
21609.34129245549,489
21616.37223711351,491
21616.37223711351,491
21623.40254699366,492
21623.40254699366,492
21644.99999999826,492
21644.99999999853,492
21659.99999999847,492
21659.99999999853,492
21667.03038574948,490
21667.03038574948,490
21690.38899135488,490
21690.38899135488,490
21697.41889993374,491
21697.41889993374,491
21704.44966256214,490
21704.44966256214,490
21747.73345777207,490
21747.73345777207,490
21754.76409303354,491
21754.76409303354,491
21779.33911382196,491
21779.33911382196,491
21786.36891203073,492
21786.36891203073,492
21806.99999999894,492
21806.99999999944,492
21814.02901827754,491
21814.02901827754,491
21831.01281841509,491
21831.01281841509,491
21838.04393914768,494
21838.04393914768,494
21897.99999999959,494
21898.00000000003,494
21905.03007486173,493
21905.03007486173,493
21912.06071535947,492
21912.06071535947,492
21933.99999999982,492
21934.00000000023,492
21941.03046783276,489
21941.03046783276,489
21948.06165223555,490
21948.06165223555,490
21955.09174159775,491
21955.09174159775,491
21964.41948299483,491
21964.41948299483,491
21971.45043189119,492
21971.45043189119,492
21979.17809529737,492
21979.17809529737,492
21986.20887154877,493
21986.20887154877,493
22005.99999999973,493
22006.00000000018,493
22013.02885782957,492
22013.02885782957,492
22047.99999999872,492
22047.99999999966,492
22055.03022829037,491
22055.03022829037,491
22066.99096137753,491
22066.99096137753,491
22147.31064575491,491
22147.31064575491,491
22154.3409101437,492
22154.3409101437,492
22161.37146932316,493
22161.37146932316,493
22168.40169347151,494
22168.40169347151,494
22204.42656579528,494
22204.42656579528,494
22223.99999999882,494
22223.99999999963,494
22231.02873931164,492
22231.02873931164,492
22238.05945403611,491
22238.05945403611,491
22246.99999999929,491
22247.00000000012,491
22254.03035735626,490
22254.03035735626,490
22267.42002614738,490
22267.42002614738,490
22274.45094900915,491
22274.45094900915,491
22284.99999999941,491
22285.00000000029,491
22296.82956514952,491
22296.82956514952,491
22303.85986004469,492
22303.85986004469,492
22320.12791190096,492
22320.12791190096,492
22337.48783130323,492
22337.48783130323,492
22344.51878754612,493
22344.51878754612,493
22379.99999999983,493
22379.99999999984,493
22387.03025234663,492
22387.03025234663,492
22413.99999999944,492
22413.99999999975,492
22421.02886899014,491
22421.02886899014,491
22473.99999999883,491
22473.999999999,491
22481.02902244757,490
22481.02902244757,490
22488.05979097735,489
22488.05979097735,489
22504.9999999992,489
22504.99999999932,489
22513.99999999904,489
22513.99999999936,489
22527.99999999865,489
22527.99999999935,489
22535.02715163873,488
22535.02715163873,488
22542.05717864526,489
22542.05717864526,489
22549.08799680227,490
22549.08799680227,490
22556.11878911769,491
22556.11878911769,491
22564.99999999856,491
22564.99999999951,491
22572.03111642014,490
22572.03111642014,490
22579.06161450845,489
22579.06161450845,489
22586.09186398222,490
22586.09186398222,490
22598.99999999931,490
22598.99999999938,490
22606.03077906244,489
22606.03077906244,489
22628.77860512977,489
22628.77860512977,489
22650.38971322998,489
22650.38971322998,489
22657.41927991274,490
22657.41927991274,490
22700.34475646013,490
22700.34475646013,490
22707.37565446323,491
22707.37565446323,491
22728.17552162926,491
22728.17552162926,491
22735.20616909141,492
22735.20616909141,492
22776.81755240801,492
22776.81755240801,492
22783.84570643535,494
22783.84570643535,494
22811.02830069499,494
22811.02830069499,494
22818.05852907474,495
22818.05852907474,495
22828.36979650125,495
22828.36979650125,495
22835.40088548424,496
22835.40088548424,496
22848.25403012013,496
22848.25403012013,496
22855.28526139075,497
22855.28526139075,497
22878.87609749338,497
22878.87609749338,497
22885.90536242066,498
22885.90536242066,498
22892.93615593512,497
22892.93615593512,497
22899.9641577488,498
22899.9641577488,498
22906.99999999811,498
22906.9999999983,498
22914.03028846454,496
22914.03028846454,496
22924.99999999782,496
22924.99999999841,496
22932.02951379037,495
22932.02951379037,495
22950.99999999855,495
22950.99999999855,495
22958.03053121714,493
22958.03053121714,493
22966.99999999745,493
22966.9999999984,493
22974.02976007844,492
22974.02976007844,492
22994.99999999785,492
22994.9999999985,492
23002.03055985114,491
23002.03055985114,491
23013.99999999798,491
23013.99999999827,491
23021.03055800563,490
23021.03055800563,490
23050.99999999693,490
23050.99999999776,490
23058.03048280431,489
23058.03048280431,489
23066.12365523958,489
23066.12365523958,489
23073.15489589317,490
23073.15489589317,490
23080.18529787237,489
23080.18529787237,489
23087.21588550884,487
23087.21588550884,487
23094.24700076792,485
23094.24700076792,485
23101.27786266468,483
23101.27786266468,483
23108.99999999733,483
23108.99999999769,483
23116.03122746454,481
23116.03122746454,481
23135.47716396495,481
23135.47716396495,481
23142.50699568516,482
23142.50699568516,482
23172.9999999975,482
23172.99999999771,482
23180.0302787869,481
23180.0302787869,481
23190.71211405301,481
23190.71211405301,481
23197.7430617693,483
23197.7430617693,483
23204.76999804032,484
23204.76999804032,484
23218.99999999769,484
23218.99999999785,484
23258.32315349132,484
23258.32315349132,484
23265.3519458583,486
23265.3519458583,486
23272.38266800384,487
23272.38266800384,487
23279.41335540595,486
23279.41335540595,486
23302.99999999719,486
23302.99999999736,486
23310.03061284605,485
23310.03061284605,485
23317.06154375773,486
23317.06154375773,486
23324.09230283416,487
23324.09230283416,487
23331.12236470882,486
23331.12236470882,486
23338.15342479975,487
23338.15342479975,487
23345.18376631243,489
23345.18376631243,489
23360.30157280602,489
23360.30157280602,489
23367.3314594306,490
23367.3314594306,490
23375.23940422792,490
23375.23940422792,490
23382.26919228383,491
23382.26919228383,491
23389.29897900669,492
23389.29897900669,492
23396.32900282917,493
23396.32900282917,493
23403.35890711217,492
23403.35890711217,492
23410.38995308612,491
23410.38995308612,491
23417.41888715345,490
23417.41888715345,490
23459.99999999725,490
23459.99999999822,490
23467.03082002069,488
23467.03082002069,488
23474.06152793597,487
23474.06152793597,487
23481.09081474353,488
23481.09081474353,488
23488.12187142909,489
23488.12187142909,489
23499.46509719127,489
23499.46509719127,489
23506.49606394764,490
23506.49606394764,490
23514.99999999748,490
23514.999999998,490
23546.99999999762,490
23546.99999999819,490
23554.03034651723,489
23554.03034651723,489
23561.99999999815,489
23561.99999999835,489
23569.03050060683,488
23569.03050060683,488
23598.99999999846,488
23598.99999999871,488
23643.999999998,488
23643.99999999886,488
23651.03117528971,487
23651.03117528971,487
23658.0611838326,488
23658.0611838326,488
23665.09211726579,491
23665.09211726579,491
23680.99999999921,491
23680.99999999957,491
23688.03001936238,490
23688.03001936238,490
23697.75928195512,490
23697.75928195512,490
23704.79015069954,491
23704.79015069954,491
23711.99999999973,491
23711.99999999986,491
23720.62988179719,491
23720.62988179719,491
23727.65955097437,492
23727.65955097437,492
23734.69008392836,491
23734.69008392836,491
23757.99999999963,491
23757.99999999979,491
23765.02868800025,490
23765.02868800025,490
23804.50041228864,490
23804.50041228864,490
23811.53165901046,492
23811.53165901046,492
23827.2006663913,492
23827.2006663913,492
23834.23144388508,493
23834.23144388508,493
23844.18090467919,493
23844.18090467919,493
23879.99999999933,493
23879.99999999977,493
23887.03073318646,492
23887.03073318646,492
23894.81647647484,492
23894.81647647484,492
23901.84599622207,494
23901.84599622207,494
23944.99999999862,494
23944.99999999907,494
23955.99999999853,494
23955.999999999,494
23963.02938074781,493
23963.02938074781,493
23970.05991157895,492
23970.05991157895,492
23977.08919920542,493
23977.08919920542,493
23984.11694278035,492
23984.11694278035,492
24001.99999999888,492
24001.99999999906,492
24009.03088726038,491
24009.03088726038,491
24016.0586377991,490
24016.0586377991,490
24036.99999999798,490
24036.9999999989,490
24080.89057083872,490
24080.89057083872,490
24087.92169744371,491
24087.92169744371,491
24112.45246370861,491
24112.45246370861,491
24119.48292760726,492
24119.48292760726,492
24126.51338364251,491
24126.51338364251,491
24133.54402214952,490
24133.54402214952,490
24170.99999999827,490
24170.99999999916,490
24178.03116425713,489
24178.03116425713,489
24185.99999999929,489
24185.99999999942,489
24193.03119774658,488
24193.03119774658,488
24200.06058167834,487
24200.06058167834,487
24216.6221682894,487
24216.6221682894,487
24223.6531074762,489
24223.6531074762,489
24230.68177299926,488
24230.68177299926,488
24249.99999999929,488
24249.99999999973,488
24262.90508182459,488
24262.90508182459,488
24269.93512606378,489
24269.93512606378,489
24276.96632405055,490
24276.96632405055,490
24283.99725236269,491
24283.99725236269,491
24291.02743983572,490
24291.02743983572,490
24308.23097615261,490
24308.23097615261,490
24315.26146751748,491
24315.26146751748,491
24334.99999999977,491
24335.00000000071,491
24342.03111264572,490
24342.03111264572,490
24354.00000000032,490
24354.00000000076,490
24361.03029666155,488
24361.03029666155,488
24368.05884921352,487
24368.05884921352,487
24375.08656179218,488
24375.08656179218,488
24382.11765467556,487
24382.11765467556,487
24397.00000000071,487
24397.00000000089,487
24404.03045313063,486
24404.03045313063,486
24411.06046795323,485
24411.06046795323,485
24445.0000000009,485
24445.00000000097,485
24452.03097197413,484
24452.03097197413,484
24460.00000000035,484
24460.00000000113,484
24472.7148835585,484
24472.7148835585,484
24479.74562519345,483
24479.74562519345,483
24486.77687217676,482
24486.77687217676,482
24510.00000000098,482
24510.00000000112,482
24519.00000000007,482
24519.00000000106,482
24526.03107386652,481
24526.03107386652,481
24541.78792395104,481
24541.78792395104,481
24548.81797177725,482
24548.81797177725,482
24555.84918462194,484
24555.84918462194,484
24562.87960587475,485
24562.87960587475,485
24569.90826335801,486
24569.90826335801,486
24601.00221043868,486
24601.00221043868,486
24608.03287182471,488
24608.03287182471,488
24615.25212883903,488
24616.00000000016,489
24623.03108888171,487
24623.03108888171,487
24637.0000000008,487
24637.00000000105,487
24644.02919823078,486
24644.02919823078,486
24651.05931910055,487
24651.05931910055,487
24666.00000000098,487
24666.00000000127,487
24679.91827063652,487
24679.91827063652,487
24686.94854814479,489
24686.94854814479,489
24714.75833892884,489
24714.75833892884,489
24721.78934548503,491
24721.78934548503,491
24742.80697535082,491
24742.80697535082,491
24749.83811037237,492
24749.83811037237,492
24756.86841319268,491
24756.86841319268,491
24777.53198886614,491
24777.53198886614,491
24784.56320353277,492
24784.56320353277,492
24792.00000000118,492
24792.00000000172,492
24802.00000000137,492
24802.00000000178,492
24854.4715448414,492
24854.4715448414,492
24861.499571194,494
24861.499571194,494
24868.53017381878,493
24868.53017381878,493
24877.00000000098,493
24877.0000000015,493
24884.02778810677,491
24884.02778810677,491
24895.00000000128,491
24895.00000000131,491
24902.03074933509,490
24902.03074933509,490
24913.15456790899,490
24913.15456790899,490
24920.18525482562,491
24920.18525482562,491
24946.24650325731,491
24946.24650325731,491
24953.2768603981,492
24953.2768603981,492
24974.0000000006,492
24974.0000000014,492
24981.02935654996,491
24981.02935654996,491
24988.0586192446,490
24988.0586192446,490
25009.13720240448,490
25009.13720240448,490
25016.16726538917,491
25016.16726538917,491
25024.00000000175,491
25024.00000000203,491
25031.03008418098,490
25031.03008418098,490
25038.05970040761,491
25038.05970040761,491
25070.63459338192,491
25070.63459338192,491
25077.66572957883,492
25077.66572957883,492
25097.00000000099,492
25097.00000000133,492
25104.03088894279,491
25104.03088894279,491
25124.00000000124,491
25124.00000000136,491
25144.00000000017,491
25144.00000000112,491
25151.03061134517,490
25151.03061134517,490
25172.07279251884,490
25172.07279251884,490
25179.10288972652,491
25179.10288972652,491
25186.13377199933,490
25186.13377199933,490
25201.00000000046,490
25201.00000000099,490
25208.03122093545,489
25208.03122093545,489
25226.00000000061,489
25226.00000000112,489
25233.02850054237,488
25233.02850054237,488
25246.51799936491,488
25246.51799936491,488
25253.54851909969,489
25253.54851909969,489
25260.57851592809,490
25260.57851592809,490
25285.2184297875,490
25285.2184297875,490
25320.00000000174,490
25320.00000000176,490
25364.7773255899,490
25364.7773255899,490
25371.80855439719,492
25371.80855439719,492
25389.91160307833,492
25389.91160307833,492
25396.9406403135,493
25396.9406403135,493
25413.00000000202,493
25413.00000000253,493
25420.03049510108,492
25420.03049510108,492
25430.00000000161,492
25430.00000000226,492
25437.03066160926,493
25437.03066160926,493
25444.06168361129,494
25444.06168361129,494
25451.0918522104,493
25451.0918522104,493
25458.12106600007,494
25458.12106600007,494
25540.00000000331,494
25540.00000000331,494
25547.02870228419,493
25547.02870228419,493
25556.75175666977,493
25556.75175666977,493
25563.78268976853,495
25563.78268976853,495
25609.00000000246,495
25609.00000000342,495
25616.02878633544,494
25616.02878633544,494
25674.54257789422,494
25674.54257789422,494
25685.68095157216,494
25685.68095157216,494
25692.71201982596,495
25692.71201982596,495
25699.74324222418,496
25699.74324222418,496
25706.77204784704,495
25706.77204784704,495
25766.00000000198,495
25766.00000000236,495
25773.03121637849,494
25773.03121637849,494
25796.0000000015,494
25796.00000000239,494
25803.02996536665,493
25803.02996536665,493
25810.06070801891,494
25810.06070801891,494
25868.69909106808,494
25868.69909106808,494
25875.72860198616,495
25875.72860198616,495
25890.26563819475,495
25890.26563819475,495
25897.29653653549,496
25897.29653653549,496
25922.60269855506,496
25922.60269855506,496
25947.00000000144,496
25947.0000000024,496
25954.02918949211,494
25954.02918949211,494
25961.05977970612,495
25961.05977970612,495
25973.00000000167,495
25973.00000000247,495
25980.03058325988,494
25980.03058325988,494
25997.00000000243,494
25997.00000000294,494
26004.0284889162,492
26004.0284889162,492
26032.04835446288,492
26032.04835446288,492
26039.07859727899,493
26039.07859727899,493
26053.00000000255,493
26053.00000000275,493
26102.00000000175,493
26102.0000000026,493
26109.0299958734,492
26109.0299958734,492
26142.00000000192,492
26142.00000000244,492
26149.03104154054,490
26149.03104154054,490
26156.0560466608,489
26156.0560466608,489
26183.49792472264,489
26183.49792472264,489
26190.52887428788,490
26190.52887428788,490
26197.55799356169,489
26197.55799356169,489
26204.58882338794,490
26204.58882338794,490
26211.61992816764,489
26211.61992816764,489
26218.64968229116,488
26218.64968229116,488
26227.73090902981,488
26227.73090902981,488
26234.76083434255,489
26234.76083434255,489
26246.40980007297,489
26246.40980007297,489
26253.43995811917,490
26253.43995811917,490
26263.00000000168,490
26263.00000000217,490
26270.03077149994,489
26270.03077149994,489
26277.06068091947,490
26277.06068091947,490
26294.00000000183,490
26294.00000000198,490
26301.03036806283,489
26301.03036806283,489
26308.05913304202,490
26308.05913304202,490
26326.8068820757,490
26326.8068820757,490
26333.83582842325,491
26333.83582842325,491
26340.86656200162,490
26340.86656200162,490
26375.0000000017,490
26375.00000000212,490
26382.03122081692,489
26382.03122081692,489
26421.06346641963,489
26421.06346641963,489
26428.09381633703,490
26428.09381633703,490
26435.12079944125,489
26435.12079944125,489
26457.000000002,489
26457.00000000211,489
26464.03051201917,488
26464.03051201917,488
26484.22821511193,488
26484.22821511193,488
26491.25922924227,489
26491.25922924227,489
26498.29017688335,490
26498.29017688335,490
26507.00000000252,490
26507.00000000257,490
26516.30851941519,490
26516.30851941519,490
26523.339560773,491
26523.339560773,491
26543.00000000207,491
26543.00000000214,491
26550.02998084747,490
26550.02998084747,490
26561.02196628272,490
26561.02196628272,490
26568.0519143446,491
26568.0519143446,491
26579.00000000245,491
26579.00000000266,491
26586.02951788206,489
26586.02951788206,489
26593.06028688654,488
26593.06028688654,488
26606.00000000202,488
26606.00000000273,488
26634.11787093299,488
26634.11787093299,488
26641.14906525625,490
26641.14906525625,490
26648.17960376428,491
26648.17960376428,491
26680.80231492322,491
26680.80231492322,491
26690.00000000216,491
26690.0000000031,491
26697.03035555753,489
26697.03035555753,489
26742.88502273635,489
26742.88502273635,489
26749.91527434333,490
26749.91527434333,490
26785.17792549063,490
26785.17792549063,490
26792.20900482904,491
26792.20900482904,491
26799.24007695946,492
26799.24007695946,492
26806.27093395619,493
26806.27093395619,493
26816.00000000331,493
26816.00000000366,493
26823.03074741438,492
26823.03074741438,492
26842.00000000337,492
26842.00000000342,492
26870.7896503106,492
26870.7896503106,492
26877.820552727,493
26877.820552727,493
26884.85154761861,494
26884.85154761861,494
26942.00000000337,494
26942.00000000387,494
26949.02952261215,493
26949.02952261215,493
26956.06047000562,494
26956.06047000562,494
26971.67211500978,494
26971.67211500978,494
26978.70332149354,495
26978.70332149354,495
26993.00000000331,495
26993.00000000375,495
27000.03065984495,494
27000.03065984495,494
27008.00000000362,494
27008.00000000364,494
27015.03057265836,492
27015.03057265836,492
27024.00000000355,492
27024.00000000398,492
27031.03116904469,491
27031.03116904469,491
27038.06236638619,490
27038.06236638619,490
27076.00000000334,490
27076.00000000367,490
27083.03114258868,488
27083.03114258868,488
27098.19449528706,488
27098.19449528706,488
27105.22549383332,489
27105.22549383332,489
27119.1196781968,489
27119.1196781968,489
27126.14992076157,490
27126.14992076157,490
27140.93706940336,490
27140.93706940336,490
27147.96812407141,491
27147.96812407141,491
27165.00000000248,491
27165.00000000323,491
27172.03110508122,490
27172.03110508122,490
27179.06094278999,489
27179.06094278999,489
27188.0000000033,489
27188.0000000033,489
27195.02858122106,486
27195.02858122106,486
27202.05827073169,484
27202.05827073169,484
27229.81305384627,484
27229.81305384627,484
27236.84381908402,485
27236.84381908402,485
27256.05443813469,485
27256.05443813469,485
27263.08330584942,486
27263.08330584942,486
27270.1123494517,485
27270.1123494517,485
27277.14329510108,486
27277.14329510108,486
27288.90504830467,486
27288.90504830467,486
27295.93316919431,487
27295.93316919431,487
27308.00000000254,487
27308.00000000269,487
27315.02945192594,486
27315.02945192594,486
27335.00000000261,486
27335.00000000262,486
27355.83728427658,486
27355.83728427658,486
27362.86788275325,487
27362.86788275325,487
27414.10989424095,487
27414.10989424095,487
27421.14035378624,488
27421.14035378624,488
27435.01465506354,488
27435.01465506354,488
27442.04569772158,490
27442.04569772158,490
27449.07614143121,489
27449.07614143121,489
27456.10609236477,490
27456.10609236477,490
27465.00000000263,490
27465.00000000333,490
27472.03073518918,488
27472.03073518918,488
27479.06141868702,490
27479.06141868702,490
27504.00000000347,490
27504.00000000349,490
27511.02966791912,489
27511.02966791912,489
27536.88641554414,489
27536.88641554414,489
27543.91627896374,491
27543.91627896374,491
27551.000000003,491
27551.000000003,491
27558.03018000008,490
27558.03018000008,490
27565.06113048027,491
27565.06113048027,491
27572.09104640804,492
27572.09104640804,492
27579.11973226068,491
27579.11973226068,491
27586.22538492286,491
27586.22538492286,491
27597.97655359767,491
27597.97655359767,491
27605.00711624128,492
27605.00711624128,492
27619.00000000172,492
27619.00000000263,492
27626.02412736853,491
27626.02412736853,491
27633.054726486,489
27633.054726486,489
27640.08554419323,488
27640.08554419323,488
27665.20424582984,488
27665.20424582984,488
27697.0000000022,488
27697.00000000269,488
27704.03042766798,486
27704.03042766798,486
27711.0599742602,487
27711.0599742602,487
27718.08999067789,488
27718.08999067789,488
27737.00000000235,488
27737.00000000317,488
27745.00000000226,488
27745.000000003,488
27752.02923929847,487
27752.02923929847,487
27772.00000000274,487
27772.00000000307,487
27779.03074279713,486
27779.03074279713,486
27818.00000000243,486
27818.00000000323,486
27825.03084967333,485
27825.03084967333,485
27849.30296764285,485
27849.30296764285,485
27885.12936349146,485
27885.12936349146,485
27892.15912535898,486
27892.15912535898,486
27899.19014689712,488
27899.19014689712,488
27919.06929534666,488
27919.06929534666,488
27926.09989474798,489
27926.09989474798,489
27948.0719801673,489
27948.0719801673,489
27967.62946353417,489
27967.62946353417,489
27974.6596660593,490
27974.6596660593,490
27981.68999279788,491
27981.68999279788,491
27988.71890226009,490
27988.71890226009,490
28011.98849450748,490
28011.98849450748,490
28019.01372221046,491
28019.01372221046,491
28026.04495630174,490
28026.04495630174,490
28058.99299931961,490
28058.99299931961,490
28066.02290161212,491
28066.02290161212,491
28119.2776232844,491
28119.2776232844,491
28126.3082855389,492
28126.3082855389,492
28133.33935413765,493
28133.33935413765,493
28149.79735958224,493
28149.79735958224,493
28156.82692763263,494
28156.82692763263,494
28180.00000000224,494
28180.0000000024,494
28187.03088469625,493
28187.03088469625,493
28198.00000000172,493
28198.00000000227,493
28205.03119145197,492
28205.03119145197,492
28215.05644782169,492
28215.05644782169,492
28222.0874743045,493
28222.0874743045,493
28229.11713222114,495
28229.11713222114,495
28252.25745220383,495
28252.25745220383,495
28259.28852762691,494
28259.28852762691,494
28267.00000000255,494
28267.00000000255,494
28274.03104934785,493
28274.03104934785,493
28299.00000000155,493
28299.0000000023,493
28306.03121994909,492
28306.03121994909,492
28313.06122644283,491
28313.06122644283,491
28322.00000000194,491
28322.00000000242,491
28329.03023339793,490
28329.03023339793,490
28353.00000000174,490
28353.00000000219,490
28360.03113714414,488
28360.03113714414,488
28397.26420578197,488
28397.26420578197,488
28404.29376333587,489
28404.29376333587,489
28428.29974567754,489
28428.29974567754,489
28435.32879408879,490
28435.32879408879,490
28472.00000000119,490
28472.00000000165,490
28479.03021268504,489
28479.03021268504,489
28512.93221268895,489
28512.93221268895,489
28519.96309003729,490
28519.96309003729,490
28529.85691036978,490
28529.85691036978,490
28536.88785423357,492
28536.88785423357,492
28543.91538326108,493
28543.91538326108,493
28571.59909710247,493
28571.59909710247,493
28578.62946316772,495
28578.62946316772,495
28588.00000000124,495
28588.00000000162,495
28595.03113071671,494
28595.03113071671,494
28604.00000000084,494
28604.00000000179,494
28611.02992411462,493
28611.02992411462,493
28618.05928433974,494
28618.05928433974,494
28682.00000000092,494
28682.00000000174,494
28689.03096284336,493
28689.03096284336,493
28723.0000000008,493
28723.00000000132,493
28730.0311997206,492
28730.0311997206,492
28740.6868992552,492
28740.6868992552,492
28747.71775544677,493
28747.71775544677,493
28789.72266230247,493
28789.72266230247,493
28796.75346536615,494
28796.75346536615,494
28800.00053822306,494
