# time,message_loops * LIMIT + total_messages
0,0
0,0
1,4
2,6
3,8
3,8
4,10
4,10
5,12
6,14
7,16
8,18
9,20
10,22
12,22
13,28
14,30
15,32
16,34
17,36
18,38
19,40
20,42
21,44
21,44
23,44
24,50
25,52
25,52
26,54
27,56
28,58
29,60
30,62
31,64
32,66
34,66
35,72
36,74
37,76
38,78
39,80
40,82
41,84
42,86
43,88
45,88
46,94
47,96
47,96
48,98
49,100
49,100
50,108
51,112
52,116
52,116
53,120
54,124
55,128
56,132
57,136
58,140
59,144
61,144
62,156
63,160
64,164
65,168
66,172
67,176
68,180
69,184
69,184
70,188
72,188
73,200
74,204
75,208
76,212
76,212
77,222
78,228
79,234
80,240
81,246
82,256
82,256
83,266
84,274
85,282
86,290
87,296
88,306
89,314
90,322
91,330
92,334
92,334
93,344
94,354
95,362
96,370
97,378
98,384
99,394
100,402
101,410
102,418
103,422
104,432
105,442
106,450
107,458
108,466
109,472
110,482
111,490
112,498
113,506
114,510
115,520
116,530
117,538
118,546
119,554
120,560
121,570
122,578
123,586
124,594
125,598
125,598
126,608
126,608
127,618
128,632
129,642
130,652
131,662
131,662
132,672
132,672
133,682
134,698
135,710
136,718
136,718
137,734
138,742
138,742
139,764
140,778
141,792
142,806
143,820
144,830
145,848
146,862
147,874
147,874
148,890
149,904
149,904
150,926
151,942
152,958
153,974
154,990
155,1002
156,1022
157,1038
158,1052
159,1066
160,1080
160,1080
161,1102
162,1118
163,1140
164,1158
165,1176
166,1190
166,1190
167,1212
168,1230
169,1246
170,1264
171,1278
172,1302
173,1316
174,1338
175,1356
176,1380
177,1398
178,1420
179,1440
180,1458
181,1478
182,1494
183,1520
184,1536
185,1566
186,1586
187,1610
188,1630
189,1654
190,1682
191,1710
192,1736
193,1758
194,1790
195,1812
196,1842
197,1866
198,1894
199,1918
200,1942
201,1968
201,1968
202,1996
203,2022
204,2044
205,2076
206,2098
207,2128
208,2152
209,2180
210,2204
211,2228
212,2254
213,2282
214,2308
215,2330
215,2330
216,2362
217,2384
218,2414
219,2438
220,2466
221,2490
222,2520
223,2548
224,2578
225,2606
225,2606
226,2638
227,2672
228,2698
229,2736
230,2766
231,2794
232,2816
233,2852
234,2882
235,2922
236,2952
237,2990
238,3032
239,3068
240,3112
240,3112
241,3156
242,3196
243,3230
243,3230
244,3278
245,3324
246,3374
247,3414
248,3456
249,3504
250,3550
251,3598
252,3648
253,3694
254,3732
255,3778
255,3778
256,3828
257,3878
258,3920
258,3920
259,3964
260,4016
261,4064
262,4114
262,4114
263,4166
264,4216
265,4264
266,4312
266,4312
267,4364
268,4412
269,4464
270,4508
271,4554
272,4602
273,4652
273,4652
274,4702
275,4748
276,4792
277,4840
278,4890
279,4934
280,4984
281,5040
282,5088
283,5140
284,5188
285,5238
285,5238
286,5286
287,5328
287,5328
288,5384
288,5384
289,5440
290,5494
291,5538
292,5596
293,5646
293,5646
294,5702
295,5752
296,5808
297,5858
298,5900
299,5958
300,6012
300,6012
301,6072
302,6122
303,6190
304,6242
305,6302
306,6358
307,6416
308,6470
309,6518
310,6578
311,6634
312,6690
312,6690
313,6738
314,6806
315,6858
316,6918
317,6974
317,6974
318,7038
319,7094
320,7144
321,7206
322,7264
323,7328
324,7382
325,7458
326,7516
326,7516
327,7590
328,7648
329,7718
330,7780
330,7780
331,7854
332,7920
333,7986
334,8056
335,8126
336,8212
337,8278
338,8364
339,8432
340,8512
341,8586
342,8668
343,8748
344,8826
345,8910
346,8980
346,8980
347,9078
348,9152
349,9240
350,9316
351,9394
352,9472
353,9554
354,9642
355,9718
356,9804
357,9878
357,9878
358,9980
359,10060
359,10060
360,10150
361,10230
362,10312
363,10394
364,10488
365,10584
366,10668
367,10758
368,10836
369,10946
370,11036
371,11128
372,11214
373,11302
374,11386
375,11482
376,11584
377,11678
378,11774
379,11860
380,11968
381,12062
382,12158
383,12248
384,12338
385,12422
386,12524
387,12626
388,12730
389,12828
390,12922
391,13038
392,13144
393,13248
394,13346
395,13444
396,13542
397,13648
398,13756
399,13864
400,13974
401,14076
402,14196
403,14308
404,14426
405,14540
406,14658
406,14658
407,14772
408,14886
409,15004
410,15124
411,15240
411,15240
412,15350
413,15482
414,15598
415,15716
416,15822
417,15942
418,16058
419,16170
420,16286
421,16408
422,16528
423,16636
424,16768
425,16886
426,17006
427,17120
428,17244
429,17366
430,17502
431,17634
432,17764
433,17894
433,17894
434,18022
435,18164
436,18294
437,18426
438,18556
439,18688
440,18824
441,18970
442,19118
443,19268
443,19268
444,19406
445,19552
446,19698
447,19842
448,19984
449,20118
450,20248
451,20386
452,20526
453,20666
454,20810
455,20942
456,21084
457,21222
458,21366
458,21366
459,21512
460,21642
461,21770
461,21770
462,21906
463,22048
464,22192
465,22336
466,22474
467,22626
468,22768
468,22768
469,22916
470,23062
471,23194
472,23324
473,23462
474,23610
475,23758
476,23900
477,24034
478,24202
479,24348
480,24498
481,24648
482,24796
483,24932
484,25074
485,25224
486,25374
487,25518
488,25648
488,25648
489,25816
490,25960
491,26116
492,26262
493,26412
494,26550
495,26694
496,26846
497,26998
498,27144
498,27144
499,27278
500,27452
501,27596
502,27754
503,27902
504,28054
505,28194
506,28336
507,28488
508,28652
509,28800
509,28800
510,28930
510,28930
511,29106
512,29248
513,29406
514,29560
515,29716
516,29870
517,30020
518,30174
519,30342
520,30490
521,30624
522,30804
523,30950
524,31108
525,31264
526,31414
527,31566
528,31714
529,31868
530,32036
531,32184
532,32318
533,32506
534,32660
535,32824
536,32992
537,33146
538,33310
538,33310
539,33466
540,33632
541,33804
542,33962
543,34096
543,34096
544,34286
545,34444
546,34602
547,34776
548,34944
549,35112
550,35272
551,35440
552,35616
553,35778
554,35918
555,36106
556,36270
557,36430
558,36596
558,36596
559,36760
560,36924
561,37086
562,37266
563,37444
564,37608
565,37750
565,37750
566,37942
567,38100
568,38262
569,38432
570,38598
571,38758
572,38916
573,39092
574,39272
575,39434
576,39576
577,39768
578,39926
579,40086
580,40262
581,40426
582,40582
583,40730
584,40902
585,41072
586,41226
587,41360
588,41544
589,41694
590,41846
591,42014
591,42014
592,42172
593,42330
594,42478
595,42654
596,42824
597,42986
598,43130
599,43322
600,43476
601,43632
601,43632
602,43808
603,43960
604,44132
605,44288
606,44462
607,44634
608,44792
609,44934
610,45124
611,45286
612,45446
613,45622
614,45782
615,45952
616,46114
617,46288
618,46466
619,46628
620,46778
621,46966
622,47132
623,47298
624,47466
625,47630
626,47800
627,47964
628,48136
629,48314
630,48476
631,48634
632,48826
633,48992
634,49160
634,49160
635,49328
636,49492
637,49664
638,49832
639,50008
640,50186
641,50344
642,50502
643,50694
644,50864
645,51034
646,51204
647,51368
648,51538
649,51712
650,51892
651,52072
652,52234
653,52402
654,52592
655,52762
656,52936
657,53106
658,53272
659,53446
660,53618
661,53800
661,53800
662,53980
663,54142
664,54308
665,54504
666,54684
667,54860
668,55034
669,55204
670,55378
671,55552
672,55740
673,55932
674,56098
675,56268
676,56460
677,56642
678,56826
679,57006
680,57178
681,57366
682,57546
683,57726
684,57922
685,58092
685,58092
686,58274
687,58470
688,58656
689,58844
690,59026
691,59198
692,59386
693,59568
694,59756
695,59956
696,60132
697,60324
698,60528
699,60716
699,60716
700,60908
701,61094
701,61094
702,61270
703,61464
704,61650
705,61848
706,62046
707,62228
708,62422
709,62628
710,62818
711,63014
712,63208
713,63392
714,63588
715,63776
716,63978
717,64170
717,64170
718,64352
719,64548
720,64752
721,64942
722,65142
723,65332
724,65514
725,65708
726,65894
726,65894
727,66094
728,66284
729,66464
730,66664
731,66860
732,67044
733,67240
734,67428
735,67608
736,67800
737,67984
738,68184
739,68374
740,68554
741,68754
742,68950
743,69134
744,69330
745,69520
746,69708
747,69904
748,70088
749,70290
750,70482
750,70482
751,70666
752,70866
753,71062
754,71246
755,71442
756,71626
757,71810
757,71810
758,72004
759,72186
759,72186
760,72386
761,72576
762,72758
763,72956
764,73152
765,73336
766,73532
767,73716
768,73900
769,74094
770,74276
771,74476
771,74476
772,74666
773,74848
773,74848
774,75048
775,75248
776,75430
777,75626
778,75808
779,75988
780,76180
781,76360
782,76556
783,76742
784,76918
785,77114
786,77312
786,77312
787,77494
788,77690
789,77872
790,78060
791,78254
792,78438
793,78640
794,78824
795,79006
795,79006
796,79202
797,79404
798,79586
799,79784
800,79962
801,80150
802,80344
803,80528
804,80732
805,80914
806,81096
806,81096
807,81292
808,81494
809,81676
810,81874
811,82052
812,82240
813,82434
813,82434
814,82618
815,82822
816,83004
816,83004
817,83186
818,83382
819,83590
820,83774
821,83974
822,84154
823,84344
824,84552
825,84734
826,84944
827,85134
828,85324
829,85528
830,85742
831,85926
832,86130
833,86314
834,86498
835,86706
836,86888
837,87090
838,87274
839,87456
840,87656
841,87866
842,88046
843,88246
844,88428
845,88610
845,88610
846,88818
847,88998
848,89198
849,89380
850,89562
851,89758
852,89974
853,90152
854,90350
855,90530
856,90710
857,90918
858,91096
859,91296
859,91296
860,91478
861,91660
861,91660
862,91850
863,92058
864,92234
865,92430
866,92608
867,92786
868,92992
869,93164
870,93360
871,93544
872,93728
873,93924
874,94134
875,94314
876,94510
877,94690
878,94870
879,95084
880,95268
881,95466
881,95466
882,95650
883,95834
884,96032
885,96244
886,96434
887,96626
888,96806
889,96984
890,97198
891,97380
892,97576
893,97760
894,97942
895,98138
896,98344
897,98530
898,98722
899,98902
900,99078
900,99078
901,99288
902,99470
903,99666
904,99850
905,100032
906,100228
906,100228
907,100434
908,100620
909,100812
910,100992
911,101168
911,101168
912,101384
912,101384
913,101566
914,101770
915,101956
916,102138
917,102334
918,102540
919,102730
920,102928
921,103110
922,103288
922,103288
923,103500
924,103688
925,103898
926,104086
927,104272
928,104476
929,104680
930,104866
931,105066
932,105252
933,105442
934,105648
935,105830
936,106046
937,106236
938,106426
939,106630
940,106838
941,107024
942,107224
943,107408
944,107598
945,107802
946,107980
947,108190
948,108376
949,108562
950,108762
951,108964
952,109144
953,109340
953,109340
954,109518
955,109700
956,109908
957,110090
958,110300
959,110486
959,110486
960,110674
961,110872
962,111078
963,111258
964,111458
965,111636
966,111816
967,112020
968,112202
969,112412
969,112412
970,112598
970,112598
971,112786
972,112984
973,113190
974,113368
975,113566
976,113742
976,113742
977,113922
978,114130
978,114130
979,114314
980,114524
981,114708
982,114898
983,115094
984,115300
985,115480
986,115680
987,115856
988,116030
989,116236
990,116418
991,116626
992,116808
993,116996
994,117190
995,117394
996,117572
997,117768
998,117942
999,118114
999,118114
1000,118320
1001,118510
1002,118718
1003,118898
1004,119086
1005,119280
1006,119484
1007,119662
1008,119860
1009,120038
1010,120210
1011,120412
1011,120412
1012,120610
1013,120814
1014,120994
1015,121184
1016,121374
1017,121576
1018,121758
1019,121956
1020,122134
1021,122306
1022,122504
1022,122504
1023,122700
1024,122904
1025,123084
1026,123274
1026,123274
1027,123466
1027,123466
1028,123666
1029,123848
1030,124046
1031,124224
1032,124396
1032,124396
1033,124594
1034,124790
1035,124992
1036,125170
1036,125170
1037,125356
1038,125544
1039,125742
1040,125922
1041,126120
1042,126302
1043,126472
1044,126668
1045,126862
1045,126862
1046,127064
1047,127240
1048,127430
1049,127618
1050,127814
1051,127992
1052,128188
1053,128370
1054,128540
1055,128736
1056,128930
1057,129132
1058,129308
1059,129498
1060,129686
1061,129882
1062,130060
1062,130060
1063,130256
1064,130438
1065,130608
1066,130804
1067,130998
1068,131200
1069,131376
1070,131566
1071,131754
1072,131950
1073,132128
1074,132320
1075,132498
1076,132664
1077,132856
1078,133048
1079,133244
1080,133416
1081,133602
1082,133786
1083,133978
1084,134156
1084,134156
1085,134352
1086,134534
1087,134700
1088,134896
1089,135088
1090,135282
1091,135454
1092,135640
1093,135822
1094,136010
1095,136182
1096,136372
1096,136372
1097,136548
1098,136708
1099,136898
1100,137096
1101,137286
1102,137456
1103,137644
1104,137822
1105,138010
1106,138184
1107,138380
1108,138558
1109,138720
1110,138908
1111,139110
1112,139302
1113,139476
1114,139664
1115,139846
1116,140034
1117,140206
1118,140402
1119,140580
1120,140754
1121,140938
1122,141138
1123,141328
1124,141500
1125,141692
1126,141872
1127,142058
1128,142232
1129,142422
1130,142594
1131,142764
1132,142942
1132,142942
1133,143134
1133,143134
1134,143322
1135,143482
1135,143482
1136,143670
1137,143846
1138,144028
1139,144208
1140,144394
1141,144564
1142,144734
1143,144912
1144,145106
1145,145300
1146,145468
1146,145468
1147,145660
1148,145840
1149,146016
1149,146016
1150,146196
1151,146382
1152,146558
1153,146736
1154,146910
1154,146910
1155,147100
1156,147292
1157,147456
1158,147650
1159,147824
1160,147998
1161,148176
1162,148358
1163,148528
1164,148708
1165,148888
1166,149074
1167,149264
1168,149426
1168,149426
1169,149620
1170,149792
1171,149966
1172,150144
1173,150328
1174,150496
1175,150670
1176,150858
1176,150858
1177,151054
1178,151244
1179,151412
1180,151608
1181,151792
1182,151972
1183,152164
1184,152354
1185,152528
1186,152704
1187,152898
1188,153104
1189,153302
1190,153476
1191,153672
1192,153858
1193,154038
1194,154232
1195,154424
1196,154600
1197,154772
1197,154772
1198,154960
1199,155164
1200,155360
1201,155532
1202,155726
1203,155916
1204,156094
1205,156284
1206,156472
1206,156472
1207,156646
1208,156818
1209,157004
1210,157210
1211,157404
1212,157574
1213,157760
1214,157946
1215,158122
1216,158310
1217,158494
1218,158664
1219,158834
1220,159012
1221,159216
1222,159406
1223,159572
1224,159762
1224,159762
1225,159950
1226,160132
1227,160322
1228,160508
1229,160680
1229,160680
1230,160852
1230,160852
1231,161032
1232,161232
1233,161420
1234,161584
1235,161768
1236,161956
1237,162136
1238,162324
1239,162514
1240,162686
1241,162862
1242,163042
1243,163246
1244,163438
1245,163608
1246,163792
1247,163980
1248,164162
1249,164354
1250,164546
1251,164720
1252,164898
1253,165080
1254,165286
1255,165480
1256,165652
1257,165838
1258,166030
1259,166208
1260,166400
1261,166592
1262,166766
1263,166944
1264,167126
1265,167332
1266,167534
1267,167710
1267,167710
1268,167904
1269,168098
1270,168280
1271,168476
1272,168670
1273,168852
1274,169036
1275,169222
1276,169426
1277,169628
1278,169802
1279,169996
1280,170188
1281,170368
1282,170566
1283,170764
1284,170946
1285,171132
1286,171322
1287,171528
1288,171732
1289,171910
1290,172104
1291,172300
1292,172480
1293,172680
1294,172878
1295,173068
1296,173252
1296,173252
1297,173444
1298,173644
1299,173852
1300,174030
1301,174224
1302,174420
1303,174602
1304,174798
1305,174992
1306,175184
1307,175366
1308,175560
1308,175560
1309,175760
1310,175964
1311,176138
1312,176328
1313,176524
1314,176698
1315,176894
1316,177088
1317,177280
1318,177456
1319,177640
1320,177836
1321,178036
1322,178208
1323,178392
1324,178584
1325,178752
1325,178752
1326,178940
1327,179128
1328,179316
1329,179490
1330,179668
1331,179862
1332,180060
1333,180242
1334,180434
1335,180628
1336,180798
1337,180992
1338,181180
1339,181368
1340,181546
1341,181726
1342,181920
1343,182112
1344,182290
1344,182290
1345,182480
1345,182480
1346,182672
1347,182842
1348,183032
1349,183218
1350,183404
1351,183580
1352,183758
1353,183950
1354,184140
1355,184316
1356,184504
1357,184696
1358,184866
1358,184866
1359,185056
1360,185242
1361,185434
1361,185434
1362,185612
1363,185792
1364,185986
1364,185986
1365,186178
1366,186356
1367,186548
1368,186740
1369,186912
1370,187102
1371,187284
1372,187476
1373,187650
1373,187650
1374,187828
1375,188020
1376,188210
1377,188386
1377,188386
1378,188584
1379,188776
1380,188948
1381,189142
1381,189142
1382,189324
1383,189518
1384,189694
1385,189872
1386,190062
1387,190252
1388,190422
1389,190618
1390,190808
1391,190978
1392,191170
1393,191356
1393,191356
1394,191550
1395,191728
1396,191910
1397,192100
1398,192292
1399,192464
1400,192662
1401,192854
1401,192854
1402,193024
1403,193210
1404,193394
1405,193590
1406,193770
1407,193952
1407,193952
1408,194140
1409,194330
1410,194494
1411,194694
1412,194876
1413,195044
1414,195236
1415,195416
1416,195608
1417,195794
1418,195976
1419,196170
1420,196362
1421,196530
1422,196728
1423,196910
1424,197072
1425,197264
1426,197438
1427,197624
1428,197800
1429,197972
1430,198158
1431,198344
1431,198344
1432,198508
1433,198700
1434,198878
1435,199036
1436,199224
1437,199396
1438,199576
1439,199748
1440,199918
1441,200102
1442,200286
1443,200448
1444,200636
1445,200810
1446,200970
1447,201160
1448,201332
1449,201506
1450,201674
1451,201842
1452,202024
1452,202024
1453,202196
1454,202352
1454,202352
1455,202536
1456,202702
1457,202858
1458,203038
1458,203038
1459,203204
1460,203374
1461,203540
1462,203712
1462,203712
1463,203892
1464,204064
1465,204220
1465,204220
1466,204400
1467,204566
1468,204718
1469,204898
1469,204898
1470,205070
1471,205246
1472,205414
1473,205586
1474,205766
1475,205938
1476,206098
1477,206280
1478,206446
1479,206600
1480,206774
1481,206942
1482,207112
1483,207276
1484,207444
1485,207628
1486,207800
1487,207962
1488,208142
1489,208308
1490,208464
1491,208640
1492,208810
1493,208982
1494,209148
1495,209314
1496,209498
1497,209670
1498,209834
1499,210028
1500,210194
1501,210352
1502,210534
1503,210704
1504,210878
1505,211054
1506,211226
1507,211414
1508,211586
1509,211764
1510,211958
1511,212130
1512,212294
1513,212478
1514,212650
1515,212820
1516,212998
1517,213172
1517,213172
1518,213360
1519,213522
1520,213694
1521,213886
1522,214056
1523,214218
1524,214402
1525,214580
1526,214750
1527,214926
1528,215100
1529,215290
1530,215454
1531,215628
1532,215828
1533,216002
1534,216166
1534,216166
1535,216350
1536,216530
1537,216702
1538,216880
1539,217056
1540,217250
1541,217414
1542,217586
1543,217786
1544,217960
1544,217960
1545,218124
1546,218308
1547,218488
1548,218660
1549,218838
1550,219014
1551,219208
1552,219372
1553,219544
1554,219744
1555,219918
1556,220082
1557,220266
1558,220446
1559,220618
1560,220796
1561,220978
1562,221174
1563,221340
1564,221510
1565,221710
1566,221884
1567,222052
1567,222052
1568,222240
1569,222422
1570,222596
1571,222774
1572,222956
1573,223150
1574,223318
1575,223490
1576,223692
1577,223866
1578,224032
1579,224220
1580,224402
1581,224576
1582,224750
1583,224928
1584,225118
1585,225282
1586,225452
1587,225648
1588,225818
1588,225818
1589,225980
1590,226170
1590,226170
1591,226350
1592,226514
1593,226688
1594,226862
1595,227050
1596,227212
1597,227390
1597,227390
1598,227598
1599,227774
1600,227934
1600,227934
1601,228126
1602,228312
1603,228482
1604,228666
1605,228844
1606,229036
1607,229200
1608,229370
1609,229578
1610,229760
1611,229922
1611,229922
1612,230116
1613,230304
1614,230476
1615,230662
1616,230842
1617,231036
1618,231204
1619,231374
1619,231374
1620,231578
1621,231764
1622,231928
1623,232120
1624,232308
1625,232480
1626,232666
1627,232848
1628,233046
1629,233216
1630,233388
1630,233388
1631,233592
1632,233780
1633,233946
1634,234140
1635,234332
1636,234504
1637,234692
1637,234692
1638,234874
1639,235084
1640,235256
1640,235256
1641,235430
1642,235632
1643,235820
1644,235986
1645,236182
1646,236372
1647,236548
1648,236740
1649,236918
1650,237116
1651,237286
1652,237462
1653,237672
1654,237862
1655,238030
1656,238228
1657,238418
1658,238592
1659,238782
1660,238960
1661,239158
1662,239328
1663,239496
1663,239496
1664,239704
1665,239892
1666,240066
1666,240066
1667,240264
1668,240456
1669,240640
1670,240832
1671,241014
1672,241216
1673,241390
1674,241564
1675,241776
1676,241962
1677,242138
1678,242334
1678,242334
1679,242524
1680,242708
1681,242900
1682,243082
1683,243288
1684,243470
1685,243650
1686,243860
1687,244058
1688,244240
1689,244442
1690,244632
1691,244824
1691,244824
1692,245012
1693,245192
1694,245390
1695,245578
1696,245756
1696,245756
1697,245958
1698,246150
1699,246326
1700,246522
1701,246708
1702,246896
1703,247086
1704,247262
1705,247450
1706,247634
1707,247808
1708,248014
1708,248014
1709,248204
1710,248382
1711,248580
1712,248768
1713,248956
1714,249146
1715,249324
1716,249510
1717,249694
1718,249862
1719,250064
1720,250250
1721,250434
1722,250626
1723,250812
1724,251000
1725,251190
1726,251380
1727,251564
1728,251750
1729,251920
1730,252122
1731,252306
1732,252492
1733,252682
1734,252868
1735,253054
1736,253230
1737,253418
1738,253600
1739,253784
1740,253952
1741,254152
1741,254152
1742,254334
1743,254518
1744,254706
1745,254892
1746,255078
1747,255254
1748,255442
1749,255624
1750,255810
1751,255982
1752,256186
1753,256368
1754,256554
1755,256740
1756,256926
1757,257110
1757,257110
1758,257284
1759,257474
1760,257646
1761,257824
1762,257992
1763,258194
1764,258384
1765,258572
1766,258756
1767,258946
1768,259130
1769,259308
1770,259510
1771,259684
1772,259866
1773,260038
1774,260236
1775,260436
1776,260626
1777,260814
1778,261014
1779,261202
1780,261376
1781,261588
1782,261764
1783,261948
1784,262126
1785,262324
1786,262528
1787,262718
1788,262904
1789,263106
1790,263294
1791,263462
1791,263462
1792,263670
1793,263846
1794,264032
1795,264208
1796,264400
1797,264602
1798,264798
1799,264986
1800,265182
1801,265370
1802,265544
1803,265754
1804,265932
1805,266124
1806,266298
1807,266492
1808,266702
1809,266902
1810,267094
1811,267290
1811,267290
1812,267478
1813,267656
1813,267656
1814,267868
1815,268050
1816,268242
1817,268416
1818,268600
1819,268804
1820,269004
1821,269196
1822,269390
1823,269572
1824,269748
1825,269954
1826,270132
1827,270322
1828,270494
1828,270494
1829,270676
1830,270878
1831,271076
1832,271266
1833,271458
1834,271640
1835,271816
1836,272022
1837,272200
1838,272398
1839,272570
1840,272754
1841,272954
1842,273154
1843,273342
1844,273534
1845,273716
1846,273894
1847,274098
1848,274270
1849,274466
1850,274638
1851,274822
1851,274822
1852,275022
1853,275222
1854,275406
1855,275596
1856,275776
1857,275952
1857,275952
1858,276154
1859,276324
1860,276518
1861,276686
1862,276870
1863,277072
1863,277072
1864,277270
1865,277460
1865,277460
1866,277650
1867,277836
1868,278014
1869,278218
1870,278390
1871,278586
1872,278760
1873,278940
1873,278940
1874,279144
1875,279342
1876,279530
1877,279720
1878,279902
1879,280078
1880,280280
1881,280452
1882,280650
1883,280824
1884,281004
1885,281202
1886,281398
1887,281586
1888,281772
1889,281954
1890,282132
1891,282328
1892,282498
1893,282696
1894,282870
1894,282870
1895,283050
1896,283248
1897,283444
1898,283638
1899,283832
1900,284016
1901,284196
1901,284196
1902,284394
1903,284566
1903,284566
1904,284762
1905,284940
1906,285116
1906,285116
1907,285310
1908,285502
1909,285686
1910,285874
1911,286054
1912,286230
1913,286424
1914,286594
1915,286796
1916,286974
1917,287152
1917,287152
1918,287350
1919,287542
1920,287728
1921,287918
1922,288100
1923,288280
1924,288474
1925,288640
1926,288842
1927,289020
1928,289198
1929,289396
1930,289588
1931,289774
1932,289964
1932,289964
1933,290146
1934,290326
1935,290520
1936,290686
1937,290888
1938,291064
1939,291240
1940,291434
1941,291630
1942,291812
1943,292000
1944,292184
1945,292372
1946,292564
1947,292730
1947,292730
1948,292938
1949,293124
1950,293298
1951,293496
1952,293696
1953,293884
1954,294080
1955,294262
1956,294450
1957,294646
1958,294808
1959,295014
1960,295204
1961,295370
1962,295564
1963,295756
1964,295936
1965,296126
1966,296304
1967,296494
1967,296494
1968,296690
1969,296848
1970,297054
1971,297244
1971,297244
1972,297410
1973,297608
1974,297796
1975,297976
1976,298166
1977,298340
1978,298528
1979,298722
1980,298878
1981,299082
1982,299270
1983,299434
1983,299434
1984,299630
1985,299816
1986,299994
1987,300180
1988,300350
1989,300538
1990,300724
1991,300876
1991,300876
1992,301072
1993,301254
1994,301412
1995,301604
1996,301786
1996,301786
1997,301962
1998,302144
1999,302310
1999,302310
2000,302496
2000,302496
2001,302676
2002,302830
2003,303020
2004,303212
2005,303374
2006,303566
2007,303746
2008,303926
2009,304110
2010,304276
2011,304464
2011,304464
2012,304646
2013,304808
2014,304984
2015,305168
2016,305324
2016,305324
2017,305510
2018,305694
2019,305870
2020,306048
2021,306212
2022,306402
2023,306582
2024,306742
2025,306916
2026,307100
2027,307258
2028,307440
2029,307620
2030,307800
2031,307974
2032,308130
2033,308316
2034,308492
2035,308650
2036,308820
2037,309002
2038,309160
2039,309346
2040,309526
2041,309706
2042,309880
2043,310038
2043,310038
2044,310228
2045,310404
2046,310564
2047,310738
2048,310918
2048,310918
2049,311074
2050,311260
2051,311440
2052,311620
2053,311794
2054,311952
2055,312142
2056,312318
2057,312478
2058,312652
2059,312832
2060,312988
2061,313174
2062,313352
2063,313530
2064,313702
2065,313858
2066,314046
2067,314220
2068,314378
2069,314548
2069,314548
2070,314722
2071,314874
2071,314874
2072,315056
2073,315238
2074,315412
2075,315594
2076,315746
2077,315932
2078,316106
2079,316266
2080,316438
2081,316614
2082,316766
2083,316952
2084,317134
2085,317300
2086,317480
2087,317632
2087,317632
2088,317820
2089,317988
2090,318154
2091,318328
2092,318502
2093,318654
2094,318842
2094,318842
2095,319020
2095,319020
2096,319184
2097,319364
2098,319516
2099,319700
2100,319862
2101,320024
2102,320194
2103,320364
2103,320364
2104,320514
2105,320696
2106,320872
2107,321042
2107,321042
2108,321220
2109,321374
2110,321560
2111,321724
2112,321888
2113,322060
2114,322232
2115,322392
2116,322576
2117,322754
2118,322924
2119,323104
2120,323260
2121,323448
2122,323614
2123,323780
2124,323954
2125,324130
2126,324292
2127,324480
2128,324666
2129,324848
2130,325032
2131,325198
2132,325396
2133,325572
2134,325744
2135,325928
2135,325928
2136,326102
2137,326266
2138,326456
2138,326456
2139,326638
2140,326820
2141,327004
2142,327172
2143,327372
2144,327546
2144,327546
2145,327718
2146,327898
2147,328072
2148,328236
2149,328426
2150,328610
2151,328788
2152,328968
2152,328968
2153,329134
2154,329332
2155,329504
2156,329684
2157,329866
2158,330042
2159,330208
2160,330398
2161,330586
2162,330766
2163,330948
2164,331110
2165,331308
2166,331474
2166,331474
2167,331652
2168,331832
2169,332006
2170,332172
2171,332358
2172,332552
2173,332734
2174,332918
2175,333080
2175,333080
2176,333280
2177,333444
2178,333620
2179,333810
2180,333980
2180,333980
2181,334144
2181,334144
2182,334326
2183,334514
2183,334514
2184,334698
2185,334884
2185,334884
2186,335046
2187,335240
2188,335404
2189,335576
2190,335764
2191,335934
2192,336094
2193,336276
2194,336460
2195,336638
2196,336820
2197,336982
2198,337176
2199,337340
2199,337340
2200,337512
2201,337698
2202,337872
2202,337872
2203,338032
2204,338214
2205,338400
2206,338576
2207,338764
2208,338930
2209,339126
2210,339294
2211,339466
2212,339648
2213,339822
2214,339986
2215,340164
2216,340350
2216,340350
2217,340522
2218,340706
2219,340870
2220,341064
2221,341230
2222,341402
2223,341584
2224,341758
2225,341928
2226,342120
2227,342312
2228,342494
2229,342680
2230,342850
2231,343050
2232,343224
2233,343410
2234,343602
2235,343778
2236,343942
2237,344134
2238,344330
2239,344508
2240,344694
2241,344864
2242,345064
2243,345230
2244,345414
2245,345604
2246,345780
2247,345944
2248,346136
2249,346330
2250,346506
2251,346690
2252,346858
2253,347056
2254,347222
2255,347402
2256,347590
2257,347764
2257,347764
2258,347926
2259,348118
2260,348318
2261,348496
2262,348684
2263,348852
2264,349066
2265,349238
2265,349238
2266,349424
2267,349618
2268,349796
2268,349796
2269,349958
2270,350148
2271,350344
2272,350520
2273,350712
2274,350872
2275,351078
2276,351244
2277,351424
2278,351614
2279,351788
2280,351952
2281,352140
2282,352332
2283,352506
2284,352690
2284,352690
2285,352846
2286,353048
2287,353208
2287,353208
2288,353384
2288,353384
2289,353564
2290,353730
2291,353896
2292,354076
2292,354076
2293,354268
2294,354436
2295,354616
2296,354772
2297,354970
2298,355132
2299,355318
2300,355498
2301,355662
2302,355826
2303,356002
2303,356002
2304,356190
2305,356358
2306,356538
2307,356706
2308,356910
2309,357068
2310,357254
2311,357432
2312,357596
2313,357752
2314,357924
2315,358108
2316,358274
2317,358438
2318,358596
2319,358786
2320,358936
2321,359116
2322,359288
2323,359448
2324,359602
2325,359770
2326,359956
2327,360122
2328,360286
2329,360444
2330,360634
2331,360780
2332,360958
2333,361128
2333,361128
2334,361288
2335,361444
2336,361612
2337,361804
2338,361970
2339,362138
2340,362292
2340,362292
2341,362484
2342,362634
2343,362812
2344,362980
2345,363142
2346,363290
2347,363458
2348,363648
2349,363814
2350,363984
2351,364138
2352,364336
2353,364488
2354,364670
2355,364844
2356,365008
2357,365170
2358,365348
2359,365544
2360,365720
2361,365896
2362,366066
2363,366280
2364,366446
2365,366634
2366,366816
2367,366982
2368,367150
2369,367330
2370,367528
2371,367708
2372,367884
2373,368044
2374,368258
2375,368420
2376,368608
2377,368796
2378,368968
2379,369136
2380,369318
2381,369520
2382,369710
2383,369904
2384,370068
2385,370290
2386,370468
2387,370660
2388,370852
2389,371032
2390,371208
2391,371398
2392,371592
2393,371776
2394,371972
2394,371972
2395,372138
2396,372358
2397,372536
2398,372728
2399,372920
2400,373100
2401,373276
2402,373468
2403,373668
2404,373856
2404,373856
2405,374054
2405,374054
2406,374226
2407,374450
2408,374632
2409,374828
2410,375024
2411,375208
2412,375388
2413,375578
2414,375780
2415,375970
2416,376166
2416,376166
2417,376338
2418,376562
2419,376744
2420,376940
2421,377136
2422,377320
2423,377500
2423,377500
2424,377690
2425,377892
2426,378082
2427,378278
2428,378450
2428,378450
2429,378670
2430,378850
2431,379044
2431,379044
2432,379238
2433,379420
2434,379598
2434,379598
2435,379786
2436,379992
2437,380182
2437,380182
2438,380378
2439,380552
2440,380774
2441,380956
2442,381154
2443,381356
2444,381542
2445,381732
2446,381920
2447,382122
2448,382314
2449,382508
2449,382508
2450,382684
2451,382904
2452,383084
2453,383278
2454,383476
2455,383656
2456,383846
2457,384030
2458,384232
2459,384420
2460,384626
2461,384804
2462,385026
2463,385208
2464,385404
2465,385606
2466,385788
2467,385980
2468,386170
2469,386380
2470,386562
2471,386770
2472,386950
2473,387174
2474,387358
2475,387556
2476,387760
2477,387944
2478,388138
2479,388326
2480,388544
2481,388726
2481,388726
2482,388936
2483,389118
2484,389342
2485,389526
2486,389724
2487,389928
2488,390112
2489,390306
2490,390490
2491,390706
2492,390888
2493,391094
2494,391274
2495,391498
2496,391682
2497,391880
2498,392084
2499,392268
2500,392462
2501,392646
2501,392646
2502,392862
2503,393044
2503,393044
2504,393250
2505,393428
2505,393428
2506,393648
2507,393828
2508,394028
2509,394234
2510,394416
2511,394610
2512,394798
2513,395000
2514,395178
2515,395380
2516,395558
2516,395558
2517,395776
2518,395950
2519,396146
2520,396350
2521,396530
2522,396722
2523,396908
2524,397108
2525,397284
2526,397490
2526,397490
2527,397668
2528,397886
2529,398060
2530,398258
2531,398460
2532,398640
2533,398832
2533,398832
2534,399022
2535,399222
2536,399396
2537,399602
2538,399780
2539,399998
2540,400172
2541,400370
2542,400572
2543,400752
2544,400944
2545,401134
2545,401134
2546,401334
2547,401508
2548,401714
2549,401898
2550,402118
2551,402294
2552,402494
2553,402698
2554,402880
2554,402880
2555,403072
2556,403264
2557,403460
2558,403634
2559,403832
2559,403832
2560,404012
2561,404228
2562,404400
2562,404400
2563,404596
2564,404790
2565,404964
2566,405150
2567,405336
2568,405534
2569,405706
2570,405904
2571,406082
2572,406294
2573,406466
2574,406660
2575,406856
2576,407032
2577,407220
2578,407400
2578,407400
2579,407596
2580,407766
2580,407766
2581,407962
2582,408136
2583,408344
2584,408512
2585,408702
2586,408894
2587,409068
2588,409252
2589,409430
2590,409624
2591,409792
2592,409984
2593,410170
2594,410380
2595,410554
2596,410754
2597,410946
2598,411128
2599,411324
2600,411502
2601,411700
2602,411874
2603,412062
2604,412250
2605,412458
2606,412630
2607,412836
2608,413030
2609,413208
2610,413404
2611,413584
2612,413784
2613,413960
2613,413960
2614,414150
2614,414150
2615,414340
2616,414546
2616,414546
2617,414712
2618,414914
2619,415104
2620,415278
2621,415474
2622,415650
2623,415846
2624,416018
2625,416216
2626,416402
2627,416608
2628,416780
2629,416982
2630,417172
2631,417344
2632,417542
2633,417720
2634,417918
2635,418086
2636,418284
2637,418470
2638,418676
2639,418848
2640,419050
2641,419240
2642,419410
2643,419606
2644,419782
2645,419978
2646,420144
2646,420144
2647,420338
2648,420524
2649,420722
2650,420890
2651,421088
2651,421088
2652,421274
2653,421442
2654,421636
2654,421636
2655,421806
2655,421806
2656,421998
2656,421998
2657,422160
2658,422352
2659,422536
2660,422732
2661,422898
2662,423094
2663,423276
2664,423446
2664,423446
2665,423642
2666,423812
2667,424004
2668,424170
2669,424360
2670,424542
2671,424738
2672,424904
2673,425100
2674,425278
2675,425442
2676,425634
2677,425802
2678,425994
2679,426158
2680,426344
2681,426524
2682,426714
2683,426876
2684,427070
2685,427244
2686,427408
2687,427602
2688,427768
2689,427958
2690,428120
2691,428306
2692,428486
2693,428676
2694,428840
2695,429038
2696,429214
2697,429382
2698,429572
2699,429740
2699,429740
2700,429934
2701,430096
2702,430284
2703,430466
2704,430658
2705,430818
2706,431014
2707,431188
2708,431354
2709,431542
2710,431708
2711,431902
2712,432060
2713,432246
2714,432426
2715,432616
2716,432776
2717,432972
2718,433144
2719,433310
2720,433494
2721,433658
2722,433850
2723,434006
2724,434190
2725,434370
2726,434564
2727,434720
2728,434914
2729,435088
2730,435252
2731,435434
2732,435598
2733,435796
2734,435952
2735,436132
2736,436308
2737,436502
2738,436660
2739,436852
2740,437026
2740,437026
2741,437192
2742,437372
2742,437372
2743,437532
2744,437728
2745,437882
2746,438060
2747,438234
2748,438428
2749,438586
2750,438774
2751,438946
2752,439110
2753,439288
2754,439448
2755,439644
2756,439804
2757,439992
2758,440172
2759,440374
2760,440540
2760,440540
2761,440732
2762,440910
2763,441082
2764,441264
2765,441428
2766,441626
2767,441790
2768,441976
2768,441976
2769,442156
2770,442354
2771,442520
2772,442708
2773,442884
2774,443054
2775,443248
2776,443414
2777,443610
2778,443774
2778,443774
2779,443966
2780,444152
2781,444356
2782,444528
2783,444722
2784,444904
2785,445074
2786,445278
2787,445450
2788,445656
2789,445824
2790,446018
2791,446208
2792,446414
2793,446590
2793,446590
2794,446788
2795,446972
2796,447142
2797,447348
2798,447518
2799,447724
2800,447892
2801,448094
2802,448288
2803,448492
2804,448670
2805,448862
2805,448862
2806,449044
2807,449218
2807,449218
2808,449424
2809,449596
2810,449800
2811,449964
2812,450162
2813,450354
2813,450354
2814,450558
2815,450738
2816,450932
2817,451112
2818,451286
2819,451490
2819,451490
2820,451660
2821,451862
2822,452024
2822,452024
2823,452220
2824,452406
2825,452610
2826,452790
2827,452980
2828,453156
2829,453328
2830,453530
2831,453698
2832,453898
2833,454056
2834,454252
2835,454436
2836,454634
2837,454814
2838,455002
2839,455176
2840,455346
2841,455546
2842,455712
2843,455910
2844,456066
2845,456262
2846,456442
2846,456442
2847,456638
2848,456816
2849,457002
2850,457174
2851,457346
2852,457550
2853,457714
2854,457910
2855,458064
2856,458258
2857,458436
2858,458626
2859,458798
2860,458986
2861,459154
2862,459318
2863,459512
2864,459672
2865,459872
2866,460024
2866,460024
2867,460216
2868,460394
2869,460584
2870,460752
2871,460940
2872,461108
2873,461272
2874,461466
2875,461624
2875,461624
2876,461826
2877,461978
2878,462168
2879,462346
2879,462346
2880,462530
2881,462696
2882,462878
2883,463042
2884,463202
2885,463398
2886,463558
2887,463758
2888,463918
2889,464110
2890,464286
2891,464470
2892,464638
2892,464638
2893,464822
2894,464992
2895,465160
2896,465356
2897,465512
2898,465708
2899,465866
2900,466056
2901,466238
2902,466428
2903,466600
2904,466792
2905,466966
2906,467146
2906,467146
2907,467346
2908,467514
2909,467726
2910,467896
2911,468090
2912,468282
2913,468472
2914,468646
2914,468646
2915,468840
2916,469014
2916,469014
2917,469198
2917,469198
2918,469394
2919,469560
2920,469772
2921,469942
2922,470136
2923,470328
2924,470518
2925,470692
2926,470886
2927,471058
2928,471240
2929,471434
2929,471434
2930,471600
2931,471808
2932,471976
2933,472166
2934,472354
2935,472540
2936,472716
2937,472908
2938,473084
2939,473268
2940,473458
2941,473628
2942,473828
2943,473994
2943,473994
2944,474182
2944,474182
2945,474380
2946,474562
2947,474734
2948,474922
2949,475094
2950,475276
2950,475276
2951,475468
2952,475634
2953,475834
2954,475996
2955,476182
2955,476182
2956,476380
2957,476568
2958,476744
2959,476942
2960,477122
2961,477308
2961,477308
2962,477502
2963,477672
2964,477876
2965,478044
2966,478228
2966,478228
2967,478422
2968,478616
2969,478798
2970,478992
2970,478992
2971,479174
2971,479174
2972,479366
2973,479558
2974,479732
2975,479940
2975,479940
2976,480116
2976,480116
2977,480308
2978,480502
2979,480696
2980,480880
2981,481082
2982,481272
2983,481464
2984,481662
2985,481838
2986,482048
2987,482224
2988,482418
2989,482614
2990,482810
2990,482810
2991,482992
2992,483194
2993,483384
2994,483576
2995,483774
2996,483950
2997,484166
2998,484344
2999,484540
3000,484738
3001,484936
3002,485116
3003,485318
3004,485508
3004,485508
3005,485702
3006,485898
3007,486070
3008,486284
3009,486458
3010,486650
3011,486844
3011,486844
3012,487040
3012,487040
3013,487224
3014,487426
3015,487618
3016,487810
3017,488006
3018,488180
3019,488392
3020,488568
3020,488568
3021,488762
3022,488958
3023,489152
3024,489334
3025,489534
3026,489724
3027,489920
3027,489920
3028,490114
3029,490290
3030,490498
3031,490670
3032,490862
3033,491056
3034,491248
3035,491430
3036,491630
3037,491816
3038,492010
3039,492200
3040,492376
3041,492582
3042,492750
3043,492936
3044,493128
3045,493314
3046,493492
3046,493492
3047,493686
3048,493868
3049,494060
3050,494246
3051,494418
3051,494418
3052,494620
3053,494792
3054,494980
3055,495164
3056,495348
3057,495526
3058,495718
3059,495896
3060,496086
3061,496270
3062,496444
3063,496644
3064,496816
3065,497002
3066,497184
3067,497366
3067,497366
3068,497544
3069,497740
3070,497918
3071,498108
3072,498292
3073,498468
3074,498666
3075,498838
3076,499028
3077,499208
3078,499390
3079,499562
3080,499756
3081,499932
3082,500120
3083,500302
3084,500476
3085,500672
3086,500844
3087,501030
3087,501030
3088,501210
3089,501392
3090,501564
3091,501758
3092,501934
3093,502122
3093,502122
3094,502304
3095,502478
3096,502674
3097,502846
3098,503040
3099,503220
3100,503404
3101,503576
3102,503770
3103,503948
3103,503948
3104,504134
3105,504316
3106,504490
3107,504686
3108,504854
3109,505046
3110,505224
3111,505406
3112,505578
3113,505770
3114,505946
3115,506130
3116,506310
3117,506482
3118,506676
3119,506842
3120,507034
3121,507208
3122,507388
3123,507558
3124,507750
3125,507926
3126,508110
3127,508290
3128,508462
3129,508656
3130,508822
3131,509014
3132,509194
3133,509388
3134,509556
3135,509748
3135,509748
3136,509922
3137,510104
3138,510280
3139,510450
3140,510638
3141,510800
3141,510800
3142,510986
3143,511156
3144,511346
3145,511512
3146,511702
3147,511876
3148,512058
3149,512232
3150,512404
3151,512586
3152,512750
3153,512930
3153,512930
3154,513096
3155,513276
3156,513438
3157,513620
3158,513788
3159,513962
3160,514130
3161,514298
3162,514472
3163,514634
3164,514808
3165,514978
3166,515162
3167,515328
3167,515328
3168,515506
3169,515674
3170,515850
3171,516020
3172,516192
3173,516366
3174,516528
3175,516696
3176,516866
3176,516866
3177,517054
3178,517222
3179,517396
3180,517576
3181,517760
3181,517760
3182,517936
3183,518108
3184,518282
3185,518452
3186,518620
3187,518790
3188,518974
3189,519142
3190,519316
3191,519494
3192,519672
3193,519854
3194,520028
3195,520202
3196,520374
3197,520540
3198,520714
3199,520898
3200,521064
3201,521240
3202,521416
3203,521590
3204,521766
3205,521936
3206,522108
3207,522280
3208,522450
3209,522624
3210,522804
3211,522968
3212,523144
3213,523316
3214,523490
3215,523668
3216,523836
3217,524006
3218,524176
3218,524176
3219,524356
3219,524356
3220,524530
3221,524712
3222,524880
3223,525056
3224,525230
3225,525414
3226,525596
3227,525766
3228,525938
3229,526098
3230,526276
3231,526450
3232,526628
3233,526794
3234,526968
3235,527136
3236,527318
3237,527496
3238,527676
3239,527850
3240,528014
3240,528014
3241,528194
3242,528368
3242,528368
3243,528552
3244,528728
3245,528920
3246,529096
3247,529284
3248,529456
3249,529638
3250,529814
3251,529986
3251,529986
3252,530166
3253,530346
3254,530534
3255,530704
3256,530898
3257,531074
3258,531260
3259,531436
3260,531618
3261,531796
3262,531972
3263,532152
3264,532326
3265,532514
3266,532684
3267,532878
3267,532878
3268,533054
3269,533240
3270,533416
3271,533598
3272,533776
3273,533952
3273,533952
3274,534132
3275,534306
3275,534306
3276,534494
3277,534664
3278,534864
3279,535042
3280,535230
3281,535408
3282,535592
3283,535780
3284,535962
3285,536150
3286,536330
3287,536524
3288,536700
3289,536900
3290,537084
3291,537274
3292,537456
3293,537638
3293,537638
3294,537834
3295,538014
3295,538014
3296,538202
3297,538382
3298,538578
3299,538752
3300,538954
3301,539138
3302,539326
3303,539508
3304,539684
3305,539888
3306,540070
3307,540262
3308,540442
3309,540640
3310,540818
3311,541018
3311,541018
3312,541200
3313,541386
3314,541566
3315,541736
3316,541934
3317,542112
3318,542300
3319,542474
3320,542668
3321,542836
3322,543034
3323,543220
3324,543404
3324,543404
3325,543580
3326,543748
3327,543944
3328,544134
3329,544324
3330,544506
3331,544700
3332,544874
3333,545080
3334,545270
3335,545460
3336,545642
3337,545818
3338,546008
3339,546200
3340,546392
3341,546576
3342,546776
3343,546942
3344,547148
3345,547338
3346,547528
3347,547710
3348,547884
3349,548074
3349,548074
3350,548262
3351,548452
3352,548634
3353,548832
3354,548996
3355,549200
3356,549388
3357,549576
3358,549756
3359,549940
3360,550132
3361,550322
3362,550514
3363,550698
3363,550698
3364,550900
3365,551064
3366,551272
3367,551462
3368,551650
3369,551822
3370,552004
3370,552004
3371,552194
3372,552378
3373,552574
3374,552760
3375,552956
3376,553116
3377,553322
3378,553508
3379,553698
3380,553882
3381,554070
3382,554266
3383,554456
3384,554650
3385,554842
3386,555040
3387,555210
3388,555412
3388,555412
3389,555598
3390,555782
3391,555962
3392,556148
3392,556148
3393,556342
3394,556530
3394,556530
3395,556730
3396,556922
3397,557126
3398,557302
3399,557506
3400,557698
3401,557884
3402,558068
3403,558258
3404,558456
3405,558644
3406,558844
3407,559034
3408,559238
3409,559416
3410,559626
3411,559820
3412,560008
3413,560194
3414,560386
3415,560586
3416,560778
3417,560978
3418,561172
3419,561374
3420,561550
3421,561754
3422,561944
3423,562128
3424,562310
3425,562500
3426,562694
3427,562882
3428,563076
3429,563264
3429,563264
3430,563458
3431,563636
3432,563840
3433,564026
3434,564210
3435,564402
3436,564594
3437,564790
3438,564980
3439,565176
3440,565368
3441,565562
3442,565744
3442,565744
3443,565956
3444,566146
3445,566328
3446,566518
3447,566708
3448,566908
3449,567090
3450,567284
3451,567474
3452,567664
3453,567842
3454,568052
3455,568240
3456,568420
3457,568606
3458,568794
3459,568992
3460,569172
3461,569364
3462,569556
3463,569758
3464,569944
3465,570156
3466,570350
3467,570530
3468,570722
3469,570914
3470,571114
3471,571298
3471,571298
3472,571488
3473,571674
3474,571870
3475,572056
3476,572268
3477,572462
3478,572642
3479,572834
3480,573026
3481,573226
3481,573226
3482,573406
3483,573592
3484,573778
3485,573974
3486,574156
3487,574364
3488,574556
3489,574734
3490,574918
3491,575106
3492,575302
3493,575484
3494,575668
3495,575846
3496,576042
3497,576224
3498,576432
3499,576624
3500,576802
3501,576986
3502,577174
3503,577370
3504,577552
3505,577736
3505,577736
3506,577914
3507,578110
3508,578290
3508,578290
3509,578496
3509,578496
3510,578686
3511,578862
3512,579042
3513,579226
3514,579418
3515,579596
3516,579778
3517,579950
3518,580156
3519,580334
3520,580534
3521,580722
3522,580896
3523,581076
3524,581260
3525,581452
3526,581630
3527,581812
3528,581978
3528,581978
3529,582178
3530,582354
3531,582552
3532,582738
3533,582910
3534,583088
3535,583270
3536,583470
3537,583646
3538,583836
3539,584002
3540,584200
3541,584380
3542,584574
3543,584760
3544,584932
3545,585110
3546,585290
3547,585488
3548,585660
3549,585844
3550,586008
3551,586208
3552,586386
3553,586578
3554,586768
3555,586940
3556,587116
3557,587304
3558,587502
3559,587676
3560,587864
3561,588028
3562,588234
3563,588410
3563,588410
3564,588602
3565,588796
3566,588976
3567,589150
3568,589340
3569,589540
3570,589722
3571,589916
3572,590082
3573,590286
3573,590286
3574,590464
3575,590656
3576,590848
3577,591030
3578,591202
3579,591398
3580,591594
3581,591778
3582,591972
3583,592140
3584,592348
3584,592348
3585,592528
3586,592722
3587,592916
3588,593102
3589,593270
3590,593468
3591,593662
3591,593662
3592,593844
3593,594038
3594,594202
3595,594406
3596,594582
3597,594772
3598,594962
3599,595144
3600,595308
3601,595504
3602,595694
3603,595872
3604,596070
3605,596234
3606,596440
3607,596616
3608,596808
3609,596996
3610,597180
3611,597342
3612,597538
3613,597724
3614,597896
3615,598090
3615,598090
3616,598250
3617,598452
3617,598452
3618,598626
3619,598824
3620,599012
3621,599196
3622,599360
3623,599556
3624,599750
3624,599750
3625,599926
3626,600124
3627,600290
3628,600500
3629,600680
3629,600680
3630,600878
3631,601068
3632,601256
3633,601424
3634,601614
3635,601812
3636,601984
3637,602180
3638,602338
3639,602546
3639,602546
3640,602720
3641,602914
3642,603102
3643,603288
3644,603454
3645,603640
3645,603640
3646,603836
3647,604008
3648,604210
3649,604372
3650,604580
3651,604756
3652,604952
3653,605142
3654,605330
3655,605498
3656,605686
3657,605884
3658,606054
3659,606256
3660,606418
3661,606626
3662,606802
3663,606998
3664,607188
3665,607378
3666,607562
3667,607750
3668,607950
3669,608122
3670,608322
3671,608492
3672,608700
3673,608882
3674,609078
3675,609266
3676,609458
3677,609648
3678,609840
3679,610046
3680,610224
3681,610424
3682,610610
3683,610822
3684,611008
3685,611206
3686,611392
3687,611580
3688,611768
3689,611962
3690,612168
3691,612344
3692,612536
3693,612720
3694,612926
3695,613110
3696,613306
3697,613490
3698,613676
3699,613866
3700,614054
3700,614054
3701,614266
3702,614446
3703,614646
3704,614834
3705,615044
3706,615236
3707,615434
3708,615624
3709,615812
3710,616006
3711,616196
3712,616404
3713,616582
3714,616778
3714,616778
3715,616964
3716,617170
3717,617360
3718,617554
3719,617740
3720,617922
3721,618112
3722,618296
3723,618496
3724,618672
3724,618672
3725,618860
3726,619040
3727,619238
3728,619420
3729,619608
3730,619790
3731,619966
3732,620154
3733,620332
3734,620528
3735,620700
3736,620886
3737,621064
3737,621064
3738,621260
3738,621260
3739,621440
3740,621628
3741,621812
3742,621994
3743,622182
3744,622356
3745,622556
3746,622726
3747,622908
3748,623084
3749,623276
3750,623458
3751,623634
3752,623812
3753,623992
3754,624172
3755,624338
3756,624534
3757,624700
3758,624878
3758,624878
3759,625052
3760,625242
3761,625422
3762,625596
3763,625768
3764,625944
3765,626122
3766,626286
3767,626480
3768,626644
3769,626822
3770,626998
3771,627188
3772,627368
3773,627544
3774,627718
3775,627896
3776,628078
3777,628242
3778,628438
3779,628604
3780,628780
3781,628956
3781,628956
3782,629146
3783,629326
3784,629502
3785,629682
3786,629862
3786,629862
3787,630046
3788,630212
3788,630212
3789,630410
3790,630586
3791,630764
3792,630942
3792,630942
3793,631134
3794,631324
3795,631502
3796,631682
3797,631864
3798,632050
3799,632216
3800,632408
3801,632580
3802,632756
3803,632930
3803,632930
3804,633116
3805,633300
3806,633472
3807,633646
3808,633822
3809,634000
3810,634176
3811,634360
3812,634534
3813,634704
3814,634878
3815,635060
3816,635242
3817,635410
3818,635582
3819,635766
3820,635938
3821,636120
3822,636308
3823,636486
3824,636654
3825,636832
3825,636832
3826,637012
3827,637198
3828,637368
3829,637536
3830,637724
3831,637896
3832,638082
3833,638272
3834,638454
3834,638454
3835,638632
3836,638816
3836,638816
3837,639006
3838,639200
3839,639380
3840,639560
3840,639560
3841,639760
3842,639932
3843,640128
3844,640324
3845,640510
3846,640698
3847,640876
3847,640876
3848,641070
3848,641070
3849,641270
3849,641270
3850,641446
3851,641628
3852,641830
3853,642000
3854,642196
3855,642392
3856,642578
3857,642766
3858,642944
3858,642944
3859,643138
3860,643338
3861,643514
3862,643696
3863,643898
3864,644068
3865,644264
3865,644264
3866,644458
3867,644650
3868,644836
3869,645014
3870,645208
3870,645208
3871,645408
3872,645586
3872,645586
3873,645766
3874,645966
3875,646136
3876,646328
3877,646518
3878,646718
3879,646904
3879,646904
3880,647082
3881,647276
3882,647476
3883,647656
3884,647834
3885,648038
3885,648038
3886,648210
3887,648402
3888,648600
3889,648812
3890,649000
3891,649182
3892,649380
3893,649582
3894,649764
3895,649946
3895,649946
3896,650148
3897,650322
3898,650508
3899,650696
3900,650906
3901,651092
3902,651272
3903,651468
3904,651666
3905,651844
3906,652020
3907,652216
3907,652216
3908,652390
3909,652572
3910,652758
3911,652962
3912,653144
3913,653318
3914,653516
3915,653712
3916,653890
3917,654064
3918,654252
3919,654424
3920,654610
3921,654800
3922,655004
3922,655004
3923,655190
3924,655362
3925,655558
3926,655754
3927,655936
3927,655936
3928,656114
3929,656306
3930,656472
3930,656472
3931,656654
3932,656842
3933,657044
3934,657228
3935,657398
3936,657598
3937,657794
3938,657976
3939,658156
3940,658346
3941,658510
3942,658694
3943,658880
3944,659082
3945,659266
3946,659434
3947,659636
3948,659832
3949,660014
3950,660194
3951,660384
3952,660552
3953,660736
3954,660930
3954,660930
3955,661136
3956,661324
3957,661494
3958,661696
3959,661894
3960,662078
3961,662260
3962,662452
3963,662622
3963,662622
3964,662808
3965,663008
3965,663008
3966,663218
3967,663402
3968,663572
3969,663774
3969,663774
3970,663972
3971,664156
3972,664348
3973,664546
3974,664722
3974,664722
3975,664902
3976,665104
3976,665104
3977,665318
3978,665506
3979,665678
3980,665880
3981,666080
3982,666260
3983,666448
3983,666448
3984,666644
3985,666818
3986,666996
3987,667196
3988,667408
3989,667598
3990,667782
3991,667988
3992,668194
3993,668376
3994,668568
3995,668768
3996,668946
3997,669128
3998,669332
3999,669540
4000,669724
4000,669724
4001,669904
4001,669904
4002,670100
4003,670300
4004,670476
4004,670476
4005,670660
4006,670852
4007,671024
4008,671198
4009,671394
4010,671598
4011,671778
4012,671956
4013,672156
4014,672356
4015,672546
4016,672734
4017,672926
4018,673102
4019,673272
4020,673466
4021,673664
4022,673844
4023,674010
4024,674204
4025,674388
4026,674570
4027,674754
4028,674942
4029,675112
4030,675276
4030,675276
4031,675466
4032,675660
4033,675842
4034,676008
4035,676202
4036,676388
4037,676568
4038,676752
4039,676940
4040,677108
4041,677270
4042,677452
4043,677638
4043,677638
4044,677812
4045,677970
4046,678154
4047,678328
4048,678498
4049,678672
4050,678850
4051,679018
4052,679178
4053,679360
4053,679360
4054,679542
4055,679714
4056,679870
4057,680054
4058,680228
4058,680228
4059,680398
4060,680570
4061,680744
4062,680906
4063,681062
4064,681250
4065,681430
4066,681602
4067,681760
4068,681942
4069,682114
4070,682284
4071,682454
4072,682634
4073,682798
4074,682952
4075,683136
4076,683314
4077,683500
4078,683686
4079,683880
4080,684056
4081,684240
4082,684414
4083,684604
4084,684780
4085,684950
4086,685152
4087,685334
4088,685510
4089,685700
4090,685896
4091,686076
4092,686264
4093,686440
4094,686626
4095,686798
4096,686962
4097,687160
4098,687338
4099,687510
4100,687698
4101,687888
4102,688066
4103,688248
4104,688422
4105,688606
4105,688606
4106,688774
4107,688936
4108,689132
4109,689308
4110,689478
4110,689478
4111,689664
4112,689852
4113,690028
4114,690204
4115,690374
4116,690556
4117,690722
4118,690882
4119,691076
4120,691250
4121,691418
4122,691602
4122,691602
4123,691788
4124,691964
4125,692140
4125,692140
4126,692316
4127,692500
4128,692668
4129,692832
4130,693026
4131,693202
4132,693380
4133,693568
4134,693758
4135,693938
4136,694114
4137,694292
4138,694480
4139,694648
4140,694816
4141,695010
4142,695182
4143,695370
4144,695558
4144,695558
4145,695750
4146,695932
4147,696110
4148,696290
4149,696480
4150,696650
4151,696820
4152,697018
4153,697184
4154,697378
4154,697378
4155,697568
4156,697762
4157,697946
4158,698126
4159,698308
4160,698496
4161,698666
4162,698836
4163,699036
4164,699202
4165,699396
4166,699588
4167,699788
4168,699974
4169,700156
4170,700342
4171,700534
4172,700708
4173,700886
4174,701088
4175,701260
4176,701452
4177,701640
4178,701840
4179,702022
4180,702202
4181,702386
4182,702576
4183,702748
4184,702924
4185,703124
4186,703290
4187,703478
4188,703662
4189,703862
4190,704040
4191,704220
4192,704400
4193,704588
4194,704754
4195,704928
4196,705126
4197,705292
4197,705292
4198,705480
4199,705664
4200,705864
4201,706046
4202,706232
4203,706414
4203,706414
4204,706604
4205,706778
4205,706778
4206,706962
4207,707158
4208,707328
4209,707522
4210,707708
4211,707908
4212,708090
4213,708278
4214,708460
4215,708648
4216,708818
4217,709000
4218,709194
4219,709362
4220,709554
4221,709738
4222,709936
4223,710120
4224,710316
4224,710316
4225,710498
4226,710688
4227,710860
4227,710860
4228,711048
4229,711240
4230,711410
4231,711606
4232,711790
4233,711986
4234,712166
4235,712360
4236,712540
4236,712540
4237,712724
4238,712894
4239,713076
4240,713264
4241,713428
4242,713618
4243,713796
4244,713986
4245,714162
4246,714350
4247,714528
4248,714710
4249,714878
4250,715058
4251,715256
4252,715424
4253,715618
4253,715618
4254,715796
4255,715988
4256,716174
4257,716364
4257,716364
4258,716546
4259,716732
4260,716908
4261,717080
4262,717278
4263,717446
4264,717642
4265,717822
4266,718012
4267,718198
4268,718388
4269,718570
4270,718756
4271,718932
4272,719106
4273,719310
4274,719490
4275,719686
4275,719686
4276,719870
4277,720066
4278,720254
4279,720448
4280,720634
4281,720824
4282,721002
4283,721176
4284,721378
4285,721560
4286,721756
4287,721942
4288,722132
4289,722320
4290,722510
4291,722694
4292,722888
4293,723068
4294,723244
4294,723244
4295,723444
4295,723444
4296,723622
4297,723816
4298,724002
4299,724192
4300,724384
4300,724384
4301,724570
4302,724750
4303,724940
4304,725116
4305,725290
4305,725290
4306,725490
4307,725668
4307,725668
4308,725866
4309,726052
4310,726244
4311,726434
4312,726618
4313,726802
4314,727000
4315,727176
4316,727352
4317,727562
4318,727740
4318,727740
4319,727942
4320,728130
4321,728328
4322,728518
4323,728702
4324,728884
4325,729088
4326,729270
4327,729444
4328,729656
4329,729832
4330,730032
4331,730220
4332,730414
4333,730602
4334,730786
4335,730964
4336,731170
4337,731352
4338,731528
4338,731528
4339,731738
4340,731916
4341,732118
4342,732310
4343,732504
4344,732694
4345,732884
4346,733062
4346,733062
4347,733266
4348,733448
4349,733620
4350,733828
4351,734002
4352,734198
4353,734386
4354,734576
4355,734760
4356,734948
4357,735122
4358,735326
4359,735508
4360,735682
4361,735890
4362,736066
4363,736264
4364,736454
4365,736646
4366,736828
4367,737016
4368,737190
4369,737394
4370,737576
4371,737750
4372,737958
4373,738130
4374,738326
4375,738514
4376,738704
4377,738884
4378,739068
4379,739238
4380,739438
4381,739616
4382,739786
4383,739992
4384,740160
4385,740354
4386,740536
4387,740730
4388,740906
4388,740906
4389,741092
4390,741260
4391,741460
4392,741638
4393,741808
4394,742010
4395,742178
4396,742372
4397,742550
4398,742742
4399,742916
4399,742916
4400,743100
4401,743266
4402,743472
4403,743650
4404,743824
4405,744022
4405,744022
4406,744188
4407,744386
4408,744572
4409,744760
4410,744934
4411,745122
4412,745286
4413,745488
4414,745662
4415,745836
4416,746034
4416,746034
4417,746200
4418,746388
4419,746574
4420,746758
4421,746926
4422,747114
4423,747288
4424,747492
4425,747668
4426,747844
4427,748044
4428,748214
4429,748408
4430,748598
4431,748784
4432,748956
4433,749138
4434,749310
4434,749310
4435,749512
4436,749686
4437,749860
4438,750058
4439,750226
4440,750418
4441,750606
4442,750790
4443,750962
4444,751140
4445,751312
4446,751514
4447,751686
4448,751858
4449,752054
4450,752222
4451,752410
4452,752596
4453,752778
4454,752948
4455,753124
4455,753124
4456,753294
4456,753294
4457,753492
4458,753664
4459,753832
4460,754032
4461,754198
4462,754384
4463,754568
4464,754748
4465,754918
4466,755090
4467,755258
4468,755466
4469,755636
4469,755636
4470,755802
4471,756002
4472,756170
4473,756356
4474,756540
4475,756720
4476,756890
4477,757060
4478,757222
4479,757426
4480,757594
4481,757756
4482,757950
4483,758114
4484,758298
4485,758480
4485,758480
4486,758658
4487,758834
4488,759008
4489,759170
4490,759376
4491,759546
4492,759710
4493,759906
4494,760070
4495,760260
4496,760454
4497,760628
4498,760804
4499,760980
4500,761142
4501,761354
4502,761520
4503,761688
4504,761880
4505,762044
4506,762226
4507,762418
4508,762590
4509,762768
4509,762768
4510,762942
4511,763108
4511,763108
4512,763328
4513,763498
4514,763672
4515,763874
4516,764046
4517,764236
4518,764430
4519,764608
4520,764790
4521,764968
4522,765132
4523,765354
4524,765526
4525,765696
4526,765898
4527,766070
4528,766260
4529,766460
4530,766640
4531,766824
4532,767012
4532,767012
4533,767180
4534,767402
4534,767402
4535,767580
4536,767758
4537,767958
4538,768130
4539,768320
4540,768518
4541,768698
4542,768876
4543,769068
4544,769240
4545,769458
4546,769638
4547,769818
4548,770020
4549,770200
4550,770390
4551,770590
4552,770772
4552,770772
4553,770948
4554,771138
4554,771138
4555,771308
4556,771522
4557,771700
4558,771888
4559,772082
4560,772260
4561,772446
4562,772652
4563,772832
4564,773008
4565,773200
4566,773374
4566,773374
4567,773590
4568,773764
4568,773764
4569,773952
4570,774146
4571,774324
4571,774324
4572,774506
4573,774710
4574,774888
4575,775064
4576,775260
4577,775436
4577,775436
4578,775648
4579,775820
4580,776010
4581,776204
4582,776378
4583,776560
4584,776760
4585,776932
4586,777102
4587,777290
4588,777460
4589,777668
4589,777668
4590,777836
4591,778026
4592,778216
4593,778396
4594,778572
4595,778776
4596,778950
4597,779126
4598,779314
4599,779484
4600,779694
4601,779860
4602,780054
4603,780238
4604,780424
4605,780598
4606,780802
4607,780976
4607,780976
4608,781150
4609,781336
4610,781512
4611,781718
4612,781882
4613,782070
4614,782248
4615,782432
4616,782608
4617,782810
4618,782988
4619,783164
4619,783164
4620,783346
4621,783522
4622,783726
4623,783898
4624,784092
4625,784274
4626,784454
4627,784630
4628,784826
4629,785002
4630,785178
4631,785360
4632,785538
4632,785538
4633,785734
4634,785904
4635,786102
4636,786290
4637,786478
4638,786666
4639,786870
4640,787050
4641,787242
4641,787242
4642,787430
4643,787614
4644,787820
4645,787992
4646,788192
4647,788380
4648,788568
4648,788568
4649,788758
4650,788962
4651,789146
4652,789340
4653,789530
4654,789716
4655,789924
4656,790098
4657,790304
4658,790494
4658,790494
4659,790688
4659,790688
4660,790878
4661,791078
4662,791262
4663,791454
4664,791648
4665,791834
4666,792040
4667,792210
4668,792412
4669,792600
4670,792792
4671,792976
4672,793172
4673,793352
4673,793352
4674,793534
4675,793722
4676,793904
4677,794108
4678,794280
4679,794480
4680,794666
4681,794858
4682,795046
4683,795240
4684,795426
4685,795606
4686,795800
4687,795976
4688,796178
4689,796348
4690,796546
4691,796730
4692,796918
4693,797102
4694,797292
4695,797474
4696,797652
4697,797840
4698,798012
4699,798210
4700,798380
4701,798580
4702,798764
4703,798962
4704,799150
4705,799344
4706,799530
4707,799722
4708,799926
4709,800108
4710,800314
4711,800486
4712,800692
4713,800872
4713,800872
4714,801076
4715,801266
4715,801266
4716,801464
4717,801648
4718,801834
4719,802038
4720,802220
4721,802426
4722,802598
4723,802804
4724,802986
4725,803196
4726,803388
4727,803588
4728,803776
4729,803968
4730,804176
4731,804360
4732,804568
4732,804568
4733,804744
4734,804948
4735,805130
4736,805340
4737,805530
4738,805730
4739,805914
4740,806102
4740,806102
4741,806306
4742,806488
4742,806488
4743,806694
4744,806868
4744,806868
4745,807070
4746,807250
4747,807458
4748,807646
4749,807846
4750,808026
4751,808214
4752,808418
4753,808598
4754,808802
4755,808974
4756,809174
4757,809350
4758,809554
4759,809740
4760,809934
4761,810112
4761,810112
4762,810294
4763,810494
4764,810672
4765,810880
4766,811052
4767,811252
4768,811430
4769,811634
4770,811824
4771,812014
4772,812192
4773,812374
4774,812576
4775,812752
4776,812956
4777,813128
4777,813128
4778,813322
4779,813496
4780,813692
4781,813882
4782,814066
4783,814240
4784,814412
4785,814608
4786,814780
4787,814976
4788,815144
4789,815334
4790,815502
4791,815704
4792,815904
4793,816092
4794,816268
4795,816444
4796,816642
4797,816818
4798,817014
4799,817186
4800,817376
4801,817540
4802,817738
4803,817944
4804,818132
4805,818308
4806,818484
4807,818682
4808,818856
4809,819054
4810,819226
4811,819414
4812,819578
4813,819768
4814,819972
4815,820158
4816,820332
4817,820514
4817,820514
4818,820714
4819,820890
4820,821090
4821,821264
4822,821454
4823,821632
4824,821822
4825,822030
4826,822220
4827,822394
4828,822578
4829,822780
4830,822956
4830,822956
4831,823156
4832,823338
4833,823524
4834,823702
4835,823892
4836,824100
4837,824290
4838,824466
4839,824650
4840,824852
4841,825028
4842,825226
4843,825404
4844,825588
4845,825764
4846,825952
4846,825952
4847,826160
4848,826348
4849,826534
4850,826722
4851,826924
4852,827102
4853,827302
4854,827484
4855,827672
4855,827672
4856,827854
4857,828046
4858,828254
4859,828438
4860,828624
4860,828624
4861,828812
4862,829014
4863,829190
4864,829386
4864,829386
4865,829562
4866,829744
4867,829920
4868,830106
4869,830308
4870,830484
4871,830664
4872,830842
4873,831036
4874,831210
4875,831400
4876,831572
4877,831752
4878,831926
4879,832106
4880,832304
4881,832474
4882,832648
4883,832822
4883,832822
4884,833006
4885,833180
4886,833368
4887,833530
4887,833530
4888,833704
4889,833872
4890,834050
4891,834244
4892,834414
4893,834590
4894,834760
4895,834938
4896,835110
4897,835306
4898,835466
4899,835642
4900,835814
4901,835998
4902,836190
4903,836366
4904,836538
4905,836710
4906,836886
4907,837046
4908,837236
4909,837390
4910,837556
4911,837718
4912,837892
4913,838074
4914,838242
4915,838406
4915,838406
4916,838572
4917,838742
4918,838898
4919,839084
4920,839234
4921,839404
4922,839578
4923,839754
4924,839942
4925,840112
4926,840278
4927,840452
4928,840628
4929,840800
4929,840800
4930,840990
4931,841150
4932,841326
4933,841506
4934,841678
4935,841868
4936,842046
4937,842216
4938,842398
4939,842574
4940,842750
4941,842934
4942,843098
4943,843274
4944,843450
4944,843450
4945,843628
4946,843820
4947,844002
4948,844180
4949,844366
4950,844552
4950,844552
4951,844732
4952,844920
4953,845092
4953,845092
4954,845272
4955,845452
4956,845632
4956,845632
4957,845826
4957,845826
4958,846002
4959,846178
4960,846372
4960,846372
4961,846556
4962,846736
4962,846736
4963,846920
4964,847092
4965,847270
4966,847448
4967,847626
4968,847816
4969,847992
4970,848154
4970,848154
4971,848346
4972,848528
4973,848706
4974,848888
4975,849058
4976,849242
4977,849418
4978,849596
4979,849790
4980,849968
4981,850132
4981,850132
4982,850328
4983,850510
4984,850690
4985,850874
4986,851052
4987,851236
4988,851416
4989,851590
4990,851786
4991,851968
4992,852144
4993,852340
4994,852530
4995,852718
4996,852902
4997,853086
4998,853272
4998,853272
4999,853456
5000,853636
5001,853832
5002,854014
5003,854194
5004,854388
5005,854576
5006,854764
5007,854948
5007,854948
5008,855132
5009,855318
5010,855502
5011,855682
5012,855878
5013,856060
5014,856240
5015,856434
5016,856622
5017,856810
5018,856994
5019,857178
5020,857364
5021,857554
5021,857554
5022,857738
5023,857934
5024,858116
5025,858298
5026,858498
5027,858688
5028,858878
5029,859064
5030,859256
5031,859438
5032,859632
5033,859818
5034,860016
5035,860200
5035,860200
5036,860384
5037,860584
5038,860776
5039,860968
5040,861156
5041,861346
5041,861346
5042,861522
5043,861712
5044,861896
5045,862088
5046,862268
5046,862268
5047,862448
5047,862448
5048,862644
5049,862830
5050,863018
5051,863214
5052,863414
5053,863596
5054,863792
5055,863978
5055,863978
5056,864172
5057,864360
5057,864360
5058,864544
5059,864740
5060,864932
5061,865114
5062,865310
5062,865310
5063,865512
5064,865696
5064,865696
5065,865894
5066,866082
5067,866278
5068,866470
5069,866654
5070,866852
5071,867046
5072,867226
5073,867422
5074,867624
5075,867808
5076,868014
5077,868204
5078,868402
5079,868594
5080,868778
5081,868976
5082,869170
5083,869350
5083,869350
5084,869548
5085,869752
5086,869926
5087,870130
5088,870318
5089,870514
5090,870706
5091,870890
5092,871088
5093,871282
5094,871474
5095,871674
5096,871878
5097,872056
5098,872260
5099,872448
5100,872642
5101,872832
5102,873018
5103,873210
5104,873394
5105,873582
5106,873778
5107,873976
5108,874148
5108,874148
5109,874348
5110,874530
5111,874722
5111,874722
5112,874910
5113,875094
5114,875284
5115,875466
5116,875652
5117,875846
5118,876040
5119,876210
5120,876408
5121,876588
5122,876778
5123,876964
5124,877146
5125,877334
5126,877520
5126,877520
5127,877716
5127,877716
5128,877912
5129,878110
5130,878284
5131,878488
5132,878672
5133,878864
5134,879054
5135,879240
5136,879428
5137,879620
5138,879816
5139,880014
5140,880214
5141,880392
5142,880596
5143,880782
5144,880976
5145,881168
5146,881356
5147,881548
5148,881742
5149,881940
5150,882140
5150,882140
5151,882338
5152,882514
5153,882716
5154,882900
5155,883096
5156,883282
5157,883464
5158,883646
5159,883834
5160,884028
5161,884228
5162,884422
5163,884596
5164,884796
5165,884980
5166,885172
5167,885356
5168,885540
5169,885724
5170,885904
5171,886096
5172,886296
5173,886488
5174,886668
5175,886868
5176,887052
5177,887242
5178,887424
5179,887612
5180,887788
5181,887968
5182,888156
5182,888156
5183,888354
5184,888540
5185,888718
5186,888916
5187,889096
5188,889290
5189,889472
5190,889660
5191,889838
5192,890016
5193,890206
5194,890402
5195,890584
5196,890760
5197,890956
5198,891132
5198,891132
5199,891324
5200,891504
5200,891504
5201,891690
5202,891866
5203,892042
5204,892230
5205,892426
5206,892614
5207,892792
5208,892990
5209,893168
5210,893362
5211,893542
5212,893724
5213,893900
5214,894072
5215,894258
5216,894444
5217,894626
5218,894798
5219,894990
5220,895164
5221,895350
5222,895528
5223,895708
5224,895888
5225,896062
5226,896248
5227,896436
5228,896620
5229,896794
5229,896794
5230,896988
5231,897164
5232,897352
5232,897352
5233,897532
5234,897710
5235,897890
5236,898072
5237,898258
5238,898448
5239,898632
5240,898804
5241,898998
5242,899172
5243,899360
5244,899536
5245,899712
5246,899886
5247,900062
5248,900246
5248,900246
5249,900432
5250,900612
5251,900780
5252,900970
5253,901142
5254,901328
5255,901506
5256,901684
5257,901858
5258,902044
5259,902224
5260,902412
5260,902412
5261,902594
5262,902764
5263,902956
5264,903130
5265,903316
5266,903494
5267,903672
5267,903672
5268,903840
5269,904024
5270,904200
5271,904384
5272,904564
5273,904738
5274,904930
5275,905098
5276,905284
5277,905456
5278,905634
5279,905808
5280,905984
5281,906162
5282,906346
5283,906526
5284,906700
5285,906892
5286,907068
5287,907260
5288,907430
5289,907616
5290,907794
5291,907972
5292,908156
5293,908338
5294,908522
5295,908700
5296,908892
5296,908892
5297,909072
5298,909264
5299,909430
5300,909614
5301,909790
5302,909966
5303,910148
5304,910328
5304,910328
5305,910510
5306,910688
5307,910876
5308,911062
5309,911254
5310,911422
5311,911608
5312,911786
5313,911964
5313,911964
5314,912144
5315,912324
5316,912508
5317,912684
5318,912868
5319,913050
5319,913050
5320,913248
5321,913422
5322,913610
5323,913790
5323,913790
5324,913966
5325,914150
5326,914332
5326,914332
5327,914518
5328,914702
5329,914890
5330,915070
5331,915266
5332,915442
5333,915632
5334,915812
5335,915990
5336,916174
5337,916356
5338,916538
5339,916720
5339,916720
5340,916912
5341,917090
5342,917286
5343,917458
5344,917646
5345,917826
5346,918000
5347,918182
5348,918364
5349,918548
5350,918724
5351,918914
5351,918914
5352,919092
5353,919288
5353,919288
5354,919460
5355,919648
5356,919828
5357,920002
5358,920184
5359,920366
5359,920366
5360,920548
5361,920722
5362,920910
5363,921084
5364,921276
5365,921442
5366,921624
5367,921798
5368,921966
5369,922144
5370,922318
5371,922498
5372,922678
5373,922860
5374,923034
5375,923226
5376,923396
5377,923580
5378,923764
5378,923764
5379,923936
5380,924120
5380,924120
5381,924304
5382,924482
5383,924672
5384,924864
5385,925040
5385,925040
5386,925238
5387,925414
5388,925596
5389,925784
5390,925960
5391,926144
5392,926330
5392,926330
5393,926506
5394,926700
5395,926904
5396,927086
5397,927286
5397,927286
5398,927464
5399,927650
5399,927650
5400,927836
5401,928018
5402,928208
5403,928392
5404,928568
5405,928754
5406,928958
5407,929136
5408,929334
5408,929334
5409,929514
5410,929698
5411,929884
5412,930074
5412,930074
5413,930266
5413,930266
5414,930450
5415,930628
5415,930628
5416,930814
5417,931016
5418,931196
5419,931390
5420,931568
5420,931568
5421,931746
5422,931926
5423,932108
5424,932292
5425,932472
5426,932646
5427,932828
5428,933026
5429,933202
5430,933394
5431,933570
5432,933748
5433,933926
5434,934108
5435,934288
5436,934472
5437,934648
5437,934648
5438,934828
5438,934828
5439,935026
5440,935202
5441,935394
5442,935576
5443,935756
5444,935934
5445,936118
5446,936296
5446,936296
5447,936480
5448,936654
5449,936832
5450,937028
5451,937204
5452,937384
5453,937560
5454,937736
5455,937910
5456,938088
5456,938088
5457,938262
5458,938442
5459,938612
5460,938788
5461,938982
5462,939152
5463,939332
5464,939504
5465,939678
5466,939850
5466,939850
5467,940026
5468,940196
5469,940374
5470,940542
5471,940724
5472,940924
5473,941098
5474,941276
5475,941446
5475,941446
5476,941620
5477,941794
5477,941794
5478,941960
5479,942134
5480,942312
5481,942478
5482,942652
5482,942652
5483,942854
5484,943024
5485,943202
5486,943372
5487,943544
5488,943718
5489,943884
5490,944056
5490,944056
5491,944236
5492,944400
5493,944570
5493,944570
5494,944770
5495,944940
5496,945118
5497,945288
5498,945462
5499,945646
5500,945814
5501,945996
5502,946178
5503,946344
5504,946522
5505,946724
5506,946896
5507,947078
5508,947250
5509,947422
5510,947606
5511,947778
5511,947778
5512,947970
5513,948156
5514,948324
5515,948506
5516,948712
5517,948888
5518,949074
5519,949250
5520,949426
5521,949608
5522,949778
5523,949966
5523,949966
5524,950150
5525,950316
5526,950496
5527,950700
5528,950872
5529,951054
5530,951232
5531,951408
5532,951600
5533,951776
5533,951776
5534,951964
5535,952152
5536,952324
5537,952506
5538,952708
5539,952884
5540,953062
5541,953238
5541,953238
5542,953406
5543,953596
5544,953772
5545,953952
5546,954138
5547,954306
5548,954484
5549,954682
5550,954856
5551,955032
5552,955206
5553,955372
5553,955372
5554,955558
5555,955732
5556,955906
5557,956090
5558,956252
5559,956428
5560,956626
5561,956798
5562,956972
5563,957144
5564,957308
5565,957494
5566,957668
5567,957842
5568,958026
5569,958192
5570,958364
5570,958364
5571,958562
5572,958734
5573,958908
5573,958908
5574,959080
5574,959080
5575,959252
5576,959444
5577,959622
5578,959800
5579,959990
5580,960160
5581,960342
5582,960546
5583,960724
5584,960916
5585,961094
5586,961268
5587,961462
5588,961646
5589,961828
5590,962018
5591,962192
5592,962372
5593,962578
5594,962748
5595,962940
5596,963116
5597,963288
5597,963288
5598,963480
5599,963662
5600,963842
5601,964030
5602,964202
5603,964382
5604,964584
5605,964750
5606,964938
5607,965112
5608,965288
5609,965480
5610,965662
5611,965842
5612,966032
5613,966204
5614,966388
5614,966388
5615,966592
5616,966770
5617,966962
5618,967140
5619,967320
5619,967320
5620,967520
5621,967708
5622,967892
5623,968086
5624,968262
5625,968446
5626,968646
5627,968824
5628,969016
5629,969190
5630,969368
5631,969568
5632,969756
5633,969936
5634,970128
5635,970298
5636,970474
5637,970668
5638,970850
5639,971046
5640,971222
5641,971404
5642,971602
5643,971790
5644,971968
5645,972160
5646,972332
5647,972512
5648,972700
5648,972700
5649,972882
5650,973076
5651,973246
5652,973428
5653,973622
5654,973812
5655,973988
5656,974184
5657,974358
5658,974544
5658,974544
5659,974736
5660,974934
5661,975130
5662,975310
5663,975500
5664,975704
5665,975904
5666,976090
5667,976294
5668,976470
5669,976664
5670,976848
5671,977046
5672,977240
5672,977240
5673,977422
5674,977608
5675,977808
5676,978004
5676,978004
5677,978188
5678,978390
5679,978564
5680,978756
5681,978938
5682,979136
5683,979330
5684,979512
5685,979698
5686,979898
5687,980094
5688,980278
5689,980480
5690,980662
5691,980856
5692,981040
5693,981242
5694,981436
5695,981618
5696,981806
5697,982004
5697,982004
5698,982200
5699,982384
5700,982580
5701,982770
5702,982964
5703,983146
5704,983348
5705,983542
5706,983726
5707,983916
5708,984114
5709,984310
5710,984498
5710,984498
5711,984684
5712,984872
5713,985064
5714,985250
5715,985452
5716,985646
5717,985830
5718,986020
5719,986220
5719,986220
5720,986420
5721,986608
5722,986796
5723,986986
5724,987176
5725,987362
5726,987564
5727,987758
5728,987938
5729,988124
5730,988322
5731,988514
5732,988696
5733,988878
5734,989062
5735,989242
5736,989424
5737,989614
5738,989800
5739,989976
5740,990158
5741,990352
5742,990542
5743,990720
5743,990720
5744,990898
5745,991080
5746,991256
5747,991432
5748,991614
5749,991792
5750,991960
5751,992134
5751,992134
5752,992324
5753,992500
5754,992670
5755,992842
5756,993014
5757,993186
5758,993358
5759,993536
5760,993708
5761,993872
5762,994042
5763,994234
5764,994410
5765,994580
5765,994580
5766,994752
5767,994924
5768,995096
5769,995268
5770,995442
5771,995612
5772,995772
5772,995772
5773,995930
5774,996116
5774,996116
5775,996282
5776,996444
5777,996608
5778,996768
5779,996930
5780,997094
5781,997264
5782,997426
5783,997582
5784,997738
5785,997918
5786,998082
5787,998238
5788,998400
5789,998558
5789,998558
5790,998718
5791,998884
5792,999052
5793,999212
5794,999368
5795,999532
5796,999712
5797,999886
5798,1000046
5799,1000218
5800,1000378
5801,1000540
5802,1000712
5803,1000888
5804,1001056
5804,1001056
5805,1001212
5806,1001376
5807,1001550
5808,1001722
5809,1001888
5810,1002062
5811,1002228
5812,1002396
5812,1002396
5813,1002566
5814,1002746
5815,1002920
5816,1003076
5817,1003244
5818,1003426
5819,1003602
5820,1003774
5821,1003950
5821,1003950
5822,1004112
5822,1004112
5823,1004282
5824,1004450
5824,1004450
5825,1004628
5826,1004800
5827,1004960
5828,1005128
5829,1005304
5830,1005476
5831,1005646
5831,1005646
5832,1005820
5833,1005982
5834,1006162
5835,1006328
5835,1006328
5836,1006508
5837,1006680
5838,1006846
5839,1007014
5840,1007192
5841,1007366
5842,1007540
5843,1007714
5844,1007872
5845,1008050
5846,1008214
5847,1008394
5848,1008562
5849,1008726
5849,1008726
5850,1008892
5851,1009068
5852,1009240
5853,1009418
5854,1009592
5855,1009752
5856,1009938
5857,1010108
5858,1010290
5859,1010462
5860,1010630
5861,1010802
5861,1010802
5862,1010980
5863,1011152
5864,1011332
5865,1011514
5866,1011680
5867,1011870
5868,1012052
5869,1012238
5870,1012416
5871,1012592
5872,1012778
5873,1012964
5874,1013142
5875,1013326
5876,1013510
5876,1013510
5877,1013682
5878,1013870
5879,1014054
5880,1014242
5881,1014422
5882,1014594
5883,1014780
5884,1014974
5885,1015156
5886,1015340
5887,1015528
5888,1015700
5888,1015700
5889,1015888
5890,1016074
5891,1016260
5892,1016440
5893,1016612
5894,1016792
5894,1016792
5895,1016984
5895,1016984
5896,1017164
5897,1017346
5898,1017532
5898,1017532
5899,1017702
5900,1017890
5901,1018076
5902,1018262
5903,1018442
5904,1018620
5905,1018802
5905,1018802
5906,1018996
5907,1019174
5908,1019362
5909,1019548
5910,1019716
5911,1019904
5912,1020090
5913,1020278
5914,1020456
5914,1020456
5915,1020638
5916,1020824
5917,1021012
5918,1021188
5919,1021376
5920,1021562
5921,1021734
5922,1021920
5923,1022102
5924,1022288
5925,1022462
5926,1022644
5927,1022826
5928,1023014
5929,1023190
5930,1023378
5930,1023378
5931,1023564
5932,1023736
5933,1023922
5934,1024104
5935,1024290
5936,1024464
5937,1024646
5938,1024828
5939,1025016
5940,1025192
5940,1025192
5941,1025380
5942,1025566
5943,1025738
5944,1025922
5945,1026102
5946,1026286
5947,1026458
5948,1026638
5949,1026818
5950,1027004
5951,1027180
5952,1027364
5953,1027554
5954,1027726
5955,1027922
5955,1027922
5956,1028104
5957,1028292
5958,1028468
5959,1028654
5960,1028836
5961,1029028
5962,1029206
5963,1029390
5964,1029582
5965,1029756
5966,1029952
5967,1030130
5968,1030318
5969,1030496
5970,1030682
5971,1030864
5972,1031054
5973,1031230
5974,1031412
5975,1031596
5976,1031770
5977,1031968
5978,1032144
5979,1032326
5980,1032502
5981,1032686
5982,1032864
5983,1033052
5984,1033226
5985,1033406
5986,1033588
5987,1033762
5988,1033956
5989,1034138
5990,1034320
5991,1034496
5992,1034680
5993,1034860
5994,1035050
5995,1035228
5996,1035410
5996,1035410
5997,1035592
5998,1035780
5999,1035970
6000,1036154
6001,1036340
6002,1036516
6003,1036702
6003,1036702
6004,1036886
6005,1037076
6006,1037256
6007,1037440
6008,1037616
6009,1037804
6010,1037996
6011,1038186
6011,1038186
6012,1038374
6013,1038554
6014,1038750
6015,1038934
6016,1039124
6017,1039308
6017,1039308
6018,1039488
6019,1039664
6020,1039850
6021,1040038
6022,1040236
6022,1040236
6023,1040418
6023,1040418
6024,1040592
6024,1040592
6025,1040784
6025,1040784
6026,1040962
6027,1041148
6028,1041330
6029,1041508
6030,1041682
6031,1041870
6032,1042046
6033,1042246
6034,1042428
6035,1042604
6036,1042798
6036,1042798
6037,1042976
6038,1043164
6039,1043344
6040,1043522
6041,1043696
6041,1043696
6042,1043886
6043,1044054
6044,1044256
6045,1044446
6046,1044624
6047,1044816
6047,1044816
6048,1044996
6049,1044996
